Study ID,Patient ID,Sample ID,Age,Age at Which Sequencing was Reported (Years),Albumin,ALK driver,ALK protein change,ARID1A driver,ARID1A protein change,BOR,BRAF driver,BRAF protein change,Cancer Type,Cancer Type Detailed,Clinically reported PD-L1 score,CT scan type,Cytology fixation type,Durable clinical response,Date of death,Disease,dNLR,Date of last drug administration,Drug start date,ECOG,EGFR driver,EGFR protein change,ERBB2 driver,ERBB2 protein change,Date of Last Contact,Fraction Genome Altered,Gene Panel,Halo tumor quality score,Histology,Was IMPACT done on the same tissue that PD-L1 IHC was done on?,Institute Source,IO drug name,Line of therapy,JS PD-L1 score,Manual tumor annotation,MET driver,MET protein change,Metastatic Site,MGMT Status,Monotherapy vs. Combination,MSI Comment,MSI Score,MSI Type,Mutation Count,Oncotree Code,Overall survival,Other Patient ID,Pack-year history,PD-L1 tissue site,PFS date,PFS Months,PFS Status,Primary Tumor Site,Clinical trial IRB,RET driver,RET protein change,ROS1 driver,ROS1 protein change,Sample Class,Number of Samples Per Patient,Sample coverage,Sample Type,Sex,What is the patient's smoking status?,Somatic Status,Status,STK11 driver,STK11 protein change,TMB,TMB (nonsynonymous),Tumor Purity,Treatment Setting,Is the patient deceased?
lung_msk_mind_2020,P-0009168,P-0009202-T01-IM5,72.0,65,4.4,False,0,False,0,POD/clinical,False,0,Non-Small Cell Lung Cancer,Lung Adenosquamous Carcinoma,0.0,CT chest/abdomen/pelvis,0,0,0.0,NSCLC,24.3,25620.0,14600.0,0.0,False,"AMP (driver), L858R (driver)",False,0,17195.0,0.0882,IMPACT468,39.0,Adenocarcinoma,Yes,MSKCC,Pembrolizumab,1.0,2.0,0,False,0,Pleura,0.0,PD1+CTLA4,0,-0.05,Stable,15.0,LUAD,0.3,0,48,lung,15590.0,6.8,0:CENSORED,Lung,0,False,0,False,0,Tumor,1,616,Primary,Female,Former smoker,Matched,Included,True,0,4.3,12.427017843,26.0,SOC,Yes
lung_msk_mind_2020,P-0027455,P-0028239-T01-IM6,83.0,74,3.6,False,0,False,0,PR,False,0,Lung Adenocarcinoma,Lung Adenocarcinoma,0.0,CT chest/abdomen/pelvis,0,0,0.0,NSCLC,3.2,25875.0,26235.0,1.0,False,0,False,0,25846.0,0.3292,IMPACT468,8.0,Squamous,Yes,MSKCC,Pembrolizumab,3.0,0.0,No,False,0,Lymph Node,0.0,PD1 alone,MICROSATELLITE STABLE (MSS). This result is for investigational use only. See MSI note below.,-0.14,Stable,53.0,LUAS,5.6,0,70,pleural fluid,17834.0,0.0,1:PROGRESS,Lung,0,False,0,False,0,Tumor,1,726,Primary,Male,Former smoker,Matched,0,True,0,17.0,20.976438781,18.0,SOC,Yes
lung_msk_mind_2020,P-0011537,P-0016174-T01-IM6,76.0,64,3.9,False,0,True,0,SD,False,G464R (driver),Lung Adenocarcinoma,Lung Adenocarcinoma,41.0,CT chest,0,Durable clinical benefit,16246.0,NSCLC,3.0,28660.0,25410.0,1.0,False,0,False,0,17636.0,0.0145,IMPACT410,1.0,Adenocarcinoma,Yes,MSKCC,Pembrolizumab,1.0,0.0,No,True,0,0,0.0,PD1 alone,MICROSATELLITE STABLE (MSS). This result is for investigational use only. See MSI note below.,1.37,Do not report,26.0,LUAD,0.0,0,10,lung,14617.0,0.0,1:PROGRESS,Lung,13-197,False,0,False,0,Tumor,1,637,Primary,Male,Former smoker,Matched,Included,False,0,40.1,78.84251309,14.0,SOC,Yes
lung_msk_mind_2020,P-0010514,P-0014529-T01-IM6,73.0,74,4.4,False,0,False,0,POD/bone,True,0,Non-Small Cell Lung Cancer,Lung Adenocarcinoma,0.0,CT chest/abdomen/pelvis,0,0,25574.0,NSCLC,2.9,22137.0,22711.0,1.0,False,0,False,0,30877.0,0.11,IMPACT468,92.0,NOS,Yes,MSKCC,Nivolumab,2.0,0.0,0,False,0,Soft Tissue,0.0,PD1 alone,0,-0.45,Stable,45.0,LUAD,0.0,0,30,brain,21533.0,1.8,1:PROGRESS,Lung,0,False,0,False,0,Tumor,1,873,Metastasis,Female,Current smoker (within 6 months of diagnosis),Matched,Included,False,0,13.2,16.476563264,21.0,SOC,Yes
lung_msk_mind_2020,P-0013406,P-0008878-T01-IM5,79.0,69,3.5,False,0,False,0,SD,False,0,Non-Small Cell Lung Cancer,Lung Squamous Cell Carcinoma,2.0,0,0,0,0.0,NSCLC,3.6,28380.0,19560.0,1.0,False,D416Y,False,0,17671.0,0.0,IMPACT468,60.0,Adenocarcinoma,Yes,MSKCC,Ipilimumab+Nivolumab,1.0,0.0,Yes,False,0,Lymph Node,0.0,PD1 alone,0,0.22,Do not report,19.0,LUAD,5.0,0,37.5,lung,24682.0,0.0,1:PROGRESS,Lung,0,False,0,False,0,Tumor,1,235,Metastasis,Male,Never smoker,Matched,Included,True,0,12.1,2.097623305,80.0,SOC,Yes
lung_msk_mind_2020,P-0019607,P-0015348-T01-IM6,65.0,73,4.6,False,0,False,0,PR,False,L185P,Non-Small Cell Lung Cancer,Lung Squamous Cell Carcinoma,0.0,CT chest/abdomen/pelvis,0,0,18631.0,NSCLC,4.8,24751.0,27373.0,1.0,False,D416Y,False,0,30583.0,0.0,IMPACT468,95.0,Adenocarcinoma,Yes,MSKCC,Nivolumab,2.0,31.0,0,False,0,Abdomen,0.0,PD1 alone,MICROSATELLITE STABLE (MSS). See MSI note below.,-0.28,Stable,65.0,LUAD,2.5,0,6.25,bone,17616.0,0.8,1:PROGRESS,Lung,0,False,0,False,K1422N,Tumor,1,431,Primary,Male,Current smoker (within 6 months of diagnosis),Matched,Included,False,0,5.3,30.28876688,72.0,SOC,Yes
lung_msk_mind_2020,P-0019914,P-0027673-T01-IM6,65.0,81,3.8,False,0,False,0,PR,False,0,Lung Adenocarcinoma,Lung Adenocarcinoma,2.0,CT chest/abdomen/pelvis,0,0,19645.0,NSCLC,9.4,26516.0,30042.0,1.0,False,0,False,0,23193.0,0.1591,IMPACT468,95.0,Adenocarcinoma,Yes,MSKCC,Pembrolizumab,2.0,28.0,No,False,0,Lymph Node,0.0,PD1 alone,MICROSATELLITE STABLE (MSS). See MSI note below.,-0.36,Do not report,4.0,LUAS,0.0,0,15,lung,17928.0,0.0,1:PROGRESS,Lung,0,False,0,False,0,Tumor,1,672,Primary,Female,Never smoker,Matched,Included,True,0,10.3,52.362863516,16.0,SOC,No
lung_msk_mind_2020,P-0012149,P-0028712-T01-IM6,84.0,66,3.9,False,0,False,0,PR,False,0,Non-Small Cell Lung Cancer,Lung Squamous Cell Carcinoma,0.0,CT chest/abdomen/pelvis,0,0,20305.0,NSCLC,2.7,25963.0,22153.0,1.0,False,0,False,0,24378.0,0.0,IMPACT468,79.0,Squamous,Yes,MSKCC,Nivolumab,2.0,65.0,No,False,0,Lymph Node,0.0,PD1 alone,0,0.3,Stable,24.0,LUSC,0.1,0,10,lung,22800.0,0.7,1:PROGRESS,Lung,0,False,0,False,0,Tumor,1,505,Primary,Female,Current smoker (within 6 months of diagnosis),Matched,Included,False,0,26.7,10.906436459,29.0,SOC,Yes
lung_msk_mind_2020,P-0025465,P-0009110-T01-IM5,79.0,74,4.4,False,0,False,0,SD,False,0,Cancer of Unknown Primary,Lung Adenocarcinoma,0.0,CT chest/abdomen/pelvis,0,Durable clinical benefit,17861.0,NSCLC,4.5,24594.0,19762.0,2.0,False,0,False,0,27674.0,0.0355,IMPACT468,92.0,Adenocarcinoma,Yes,MSKCC,Atezolizumab,1.0,0.0,0,False,0,Brain,0.0,PD1 alone,MICROSATELLITE STABLE (MSS). See MSI note below.,0.12,Stable,24.0,LUSC,0.0,0,10,lung,19789.0,0.4,1:PROGRESS,Lung,0,False,0,False,ROS1-EYS fusion,Tumor,1,641,Primary,Female,Never smoker,Matched,Excluded,True,W239L (driver),9.8,11.332505635,43.0,Clinical trial,Yes
lung_msk_mind_2020,P-0003635,P-0015950-T01-IM6,80.0,55,4.2,False,0,False,0,PR,False,0,Non-Small Cell Lung Cancer,Lung Adenocarcinoma,53.0,CT chest/abdomen/pelvis,0,0,17812.0,NSCLC,4.8,25216.0,28565.0,0.0,False,L747P (driver),True,0,23747.0,0.0057,IMPACT410,0.0,Adenocarcinoma,No,MSKCC,Nivolumab,2.0,30.0,0,False,0,0,0.0,0,MICROSATELLITE STABLE (MSS). This result is for investigational use only. See MSI note below.,1.32,Do not report,23.0,LUAD,0.5,0,10,lung,24276.0,1.3,1:PROGRESS,Lung,0,False,0,False,0,Tumor,1,720,Metastasis,Female,Former smoker,Matched,Included,False,0,6.3,9.672324503,57.0,SOC,Yes
lung_msk_mind_2020,P-0026574,P-0022291-T02-IM6,62.0,45,4.1,False,0,False,0,PR,False,0,Non-Small Cell Lung Cancer,Lung Squamous Cell Carcinoma,47.0,CT chest/abdomen/pelvis,0,Durable clinical benefit,0.0,NSCLC,6.1,15530.0,29850.0,1.0,False,0,False,0,28460.0,0.0,IMPACT468,94.0,NOS,Yes,MSKCC,Resection + Nivolumab,2.0,0.0,No,False,0,0,0.0,PD1 alone,0,0.21,Do not report,11.0,LUAD,0.5,0,92,brain,10358.0,0.5,0:CENSORED,Lung,0,False,0,False,0,Tumor,1,533,Metastasis,Female,Never smoker,Matched,Included,False,P281Rfs*6 (driver),34.9,16.148607063,36.0,SOC,Yes
lung_msk_mind_2020,P-0033239,P-0021375-T01-IM6,82.0,80,3.3,False,0,False,0,SD,False,0,Non-Small Cell Lung Cancer,Lung Adenocarcinoma,70.0,CT chest/abdomen/pelvis,0,0,20728.0,NSCLC,2.2,29250.0,22953.0,1.0,False,0,False,0,27487.0,0.0171,IMPACT468,5.0,Squamous,Yes,MSKCC,Nivolumab,2.0,0.0,No,True,0,Lymph Node,0.0,PD1 alone,MICROSATELLITE INSTABILITY-INDETERMINATE. See MSI note below.,0.02,Stable,102.0,LUAD,0.8,0,18,lung,16266.0,0.0,1:PROGRESS,Lung,0,False,0,False,0,Tumor,1,800,Metastasis,Female,Former smoker,Matched,Included,False,0,15.8,4.70053779,34.0,SOC,Yes
lung_msk_mind_2020,P-0026521,P-0013831-T01-IM5,78.0,65,3.4,False,0,False,0,PR,False,0,Non-Small Cell Lung Cancer,Lung Adenocarcinoma,0.0,CT chest/abdomen/pelvis,0,0,17714.0,NSCLC,4.1,26209.0,25805.0,1.0,False,0,False,0,25883.0,0.0,IMPACT468,91.0,NOS,Yes,MSKCC,Atezolizumab,2.0,0.0,No,False,0,Lymph Node,0.0,PD1+CTLA4,MICROSATELLITE STABLE (MSS). This result is for investigational use only. See MSI note below.,-0.03,Stable,22.0,LUSC,0.0,0,35,lung,21300.0,0.0,0:CENSORED,Lung,0,False,0,False,0,Tumor,1,906,Primary,Female,Never smoker,Matched,Included,False,0,13.7,11.313828229,20.0,SOC,Yes
lung_msk_mind_2020,P-0002485,P-0007493-T02-IM5,65.0,70,3.8,False,0,False,0,0,False,0,Non-Small Cell Lung Cancer,Lung Adenocarcinoma,3.0,CT chest/abdomen/pelvis,0,0,0.0,NSCLC,3.8,28851.0,23881.0,1.0,False,0,False,0,23657.0,0.0,IMPACT468,90.0,Adenocarcinoma,Yes,MSKCC,Pembrolizumab,7.0,62.0,No,False,0,0,0.0,PD1 alone,0,2.51,Stable,24.0,LUAD,0.0,0,8,bone,21065.0,0.0,1:PROGRESS,Lung,0,False,0,False,0,Tumor,1,608,Metastasis,Female,Current smoker (within 6 months of diagnosis),Matched,Excluded,False,0,14.0,27.048123445,42.0,SOC,Yes
lung_msk_mind_2020,P-0015529,P-0018366-T01-IM6,85.0,68,3.7,False,0,False,0,PR,False,0,Non-Small Cell Lung Cancer,Non-Small Cell Lung Cancer,1.0,CT chest/abdomen/pelvis,0,0,0.0,NSCLC,3.9,16967.0,22432.0,1.0,False,0,False,0,23078.0,0.0,IMPACT468,95.0,Adenocarcinoma,No,MSKCC,Nivolumab,1.0,0.0,0,False,0,Adrenal,0.0,PD1 alone,MICROSATELLITE STABLE (MSS). This result is for investigational use only. See MSI note below.,-0.11,Stable,10.0,LUNE,0.4,0,0,lung,15266.0,8.0,1:PROGRESS,Lung,0,False,0,False,X833_splice,Tumor,1,948,Metastasis,Female,Former smoker,Matched,Excluded,False,0,7.7,16.568345427,53.0,SOC,No
lung_msk_mind_2020,P-0022291,P-0026958-T01-IM6,66.0,67,4.0,False,0,False,0,PR,False,0,Non-Small Cell Lung Cancer,Lung Adenocarcinoma,5.0,CT chest/abdomen/pelvis,0,0,0.0,NSCLC,9.5,24727.0,21208.0,1.0,False,0,False,0,19390.0,0.0,IMPACT468,7.0,Squamous,Yes,MSKCC,0,2.0,0.0,0,False,0,Lymph Node,0.0,PD1 alone,MICROSATELLITE STABLE (MSS). See MSI note below.,2.02,Do not report,24.0,LUAD,0.5,0,12.5,lymph node,21661.0,0.6,1:PROGRESS,Lung,0,False,0,False,0,Tumor,1,236,Metastasis,Female,Current smoker (within 6 months of diagnosis),Matched,Included,False,0,28.1,8.025636468,31.0,SOC,Yes
lung_msk_mind_2020,P-0028173,P-0012476-T02-IM6,82.0,75,3.9,False,0,False,0,CR,False,0,Lung Adenocarcinoma,Lung Adenocarcinoma,0.0,CT chest/abdomen/pelvis,0,No durable clinical benefit,0.0,NSCLC,3.0,23999.0,23504.0,1.0,False,"G719S (driver), E709A (driver)",False,V659E (driver),17701.0,0.0,IMPACT468,7.0,Adenocarcinoma,Yes,MSKCC,Pembrolizumab,1.0,0.0,No,False,0,0,0.0,PD1 alone,0,-0.16,Do not report,10.0,LUNE,0.0,0,34,liver,19470.0,2.0,0:CENSORED,Lung,0,False,0,False,0,Tumor,1,692,Primary,Male,Former smoker,Matched,Excluded,True,0,15.7,34.326493732,72.0,SOC,Yes
lung_msk_mind_2020,P-0010980,P-0032182-T01-IM6,77.0,74,3.7,False,P1456H,False,0,POD,False,0,Non-Small Cell Lung Cancer,Non-Small Cell Lung Cancer,2.0,CT chest/abdomen/pelvis,0,0,21881.0,NSCLC,2.0,29498.0,19780.0,1.0,False,0,False,0,24681.0,0.1256,IMPACT468,83.0,Squamous,Yes,MSKCC,Atezolizumab,1.0,0.0,No,True,D1010H (driver),Lymph node,0.0,PD1 alone,MICROSATELLITE STABLE (MSS). See MSI note below.,0.86,Stable,8.0,LUAD,0.0,0,5,lymph node,24635.0,0.6,1:PROGRESS,Lung,16-183,False,0,False,0,Tumor,1,729,Metastasis,Male,Never smoker,Matched,Excluded,False,0,15.3,29.95964187,23.0,SOC,No
lung_msk_mind_2020,P-0018722,P-0033978-T01-IM6,61.0,77,4.1,False,0,True,0,POD/death,False,0,Non-Small Cell Lung Cancer,Large Cell Neuroendocrine Carcinoma,82.0,CT chest,0,0,22632.0,NSCLC,1.9,13517.0,25297.0,1.0,False,0,False,0,21267.0,0.0,IMPACT468,19.0,Adenocarcinoma,Yes,MSKCC,Durvalumab+Tremelimumab,1.0,0.0,0,True,0,Lymph Node,0.0,PD1 alone,MICROSATELLITE STABLE (MSS). See MSI note below.,0.15,Do not report,6.0,LUAD,1.1,0,25,pleura,21843.0,7.5,1:PROGRESS,Lung,0,False,P181S,False,0,Tumor,1,186,Metastasis,Female,Former smoker,Matched,Included,False,0,10.3,15.347675554,70.0,SOC,No
lung_msk_mind_2020,P-0022103,P-0021769-T01-IM6,69.0,77,3.9,False,0,False,0,SD,False,0,Non-Small Cell Lung Cancer,Lung Adenocarcinoma,4.0,CT chest/abdomen/pelvis,0,0,0.0,NSCLC,3.1,29720.0,23334.0,1.0,True,0,False,0,24527.0,0.0,IMPACT468,95.0,Adenocarcinoma,Yes,MSKCC,Pembrolizumab,1.0,44.0,No,False,0,Liver,0.0,0,MICROSATELLITE STABLE (MSS). See MSI note below.,-0.48,Stable,13.0,LUSC,0.0,0,0,lung,19219.0,1.7,1:PROGRESS,Lung,0,False,0,False,0,Tumor,1,629,Primary,Male,Current smoker (within 6 months of diagnosis),Matched,Included,False,0,22.8,12.038027888,2.0,SOC,No
lung_msk_mind_2020,P-0006607,P-0007493-T02-IM5,87.0,73,3.7,False,0,False,D1850Gfs*4 (driver),SD,False,0,Non-Small Cell Lung Cancer,Lung Adenocarcinoma,25.0,CT chest/abdomen/pelvis,0,0,20341.0,NSCLC,4.3,31270.0,22895.0,1.0,False,0,False,0,18953.0,0.024,IMPACT468,92.0,Adenocarcinoma,Yes,MSKCC,Nivolumab,7.0,0.0,No,False,0,Soft Tissue,0.0,PD1 alone,MICROSATELLITE STABLE (MSS). This result is for investigational use only. See MSI note below.,0.23,Do not report,7.0,LUAD,0.0,0,2.25,lung,20404.0,0.0,1:PROGRESS,Lung,0,False,P720L,False,0,Tumor,1,593,Metastasis,Female,Never smoker,Matched,Included,False,E165* (driver),9.7,8.875686904,21.0,SOC,Yes
lung_msk_mind_2020,P-0020643,P-0016175-T01-IM6,87.0,74,3.8,False,0,False,F2141Sfs*59 (driver),POD,False,0,Non-Small Cell Lung Cancer,Lung Adenocarcinoma,0.0,CT chest/abdomen/pelvis,0,0,22153.0,NSCLC,10.6,29858.0,28417.0,1.0,True,L858R (driver),False,0,25687.0,0.0,IMPACT468,5.0,Adenocarcinoma,Yes,MSKCC,Atezolizumab,2.0,0.0,0,False,0,0,0.0,PD1 alone,0,-0.12,Stable,21.0,LUAD,0.0,0,20,lymph node,15294.0,2.4,1:PROGRESS,Lung,0,False,0,False,0,Tumor,1,944,Metastasis,Male,Current smoker (within 6 months of diagnosis),Matched,Excluded,False,0,67.9,6.233247023,23.0,SOC,Yes
lung_msk_mind_2020,P-0004588,P-0025245-T01-IM6,75.0,73,3.8,False,0,False,D1850Tfs*33 (driver),SD,False,0,Non-Small Cell Lung Cancer,Lung Adenocarcinoma,0.0,CT chest,Cytolyt,Durable clinical benefit,0.0,NSCLC,2.6,26509.0,22937.0,1.0,False,AMP (driver),False,0,17651.0,0.2149,IMPACT341,84.0,Adenocarcinoma,Yes,MSKCC,Pembrolizumab,3.0,1.0,No,False,D1228H (driver),Bone,0.0,0,0,-0.1,Stable,7.0,LUSC,0.3,0,0,lung,23273.0,16.7,0:CENSORED,Lung,0,False,0,False,0,Tumor,1,290,Primary,Male,Current smoker (within 6 months of diagnosis),Matched,Excluded,False,0,10.9,12.378536652,79.0,SOC,Yes
lung_msk_mind_2020,P-0027576,P-0018043-T01-IM6,76.0,77,3.8,False,0,False,0,PR,False,0,Non-Small Cell Lung Cancer,Lung Adenocarcinoma,0.0,CT chest/abdomen/pelvis,0,0,0.0,NSCLC,4.4,24332.0,23984.0,1.0,False,0,False,0,14216.0,0.0,IMPACT410,0.0,NOS,Yes,MSKCC,Pembrolizumab,1.0,0.0,No,False,0,0,0.0,PD1 alone,0,0.38,Do not report,28.0,LUAD,0.0,0,55,lung,23200.0,0.0,0:CENSORED,Lung,0,False,0,False,0,Tumor,1,943,Metastasis,Female,Former smoker,Matched,Included,False,0,33.7,13.927257725,27.0,SOC,No
lung_msk_mind_2020,P-0032182,P-0033978-T01-IM6,76.0,72,3.8,False,0,False,0,PR,False,0,Non-Small Cell Lung Cancer,Poorly Differentiated Non-Small Cell Lung Cancer,73.0,CT chest/abdomen/pelvis,0,No durable clinical benefit,0.0,NSCLC,7.0,20609.0,25467.0,2.0,False,"G719S (driver), E709A (driver)",False,0,22289.0,0.0137,IMPACT410,85.0,Adenocarcinoma; Adenocarcinoma In Situ,Yes,MSKCC,Durvalumab,2.0,47.0,No,True,0,Liver,0.0,PD1 alone,MICROSATELLITE STABLE (MSS). See MSI note below.,0.21,Do not report,10.0,LUAD,0.0,0,20,lung,22296.0,0.0,1:PROGRESS,Lung,0,False,0,False,S66C,Tumor,1,384,Primary,Male,Former smoker,Matched,Included,False,0,25.4,27.284278492,40.0,SOC,Yes
lung_msk_mind_2020,P-0021769,P-0009483-T01-IM5,84.0,75,4.1,False,0,False,0,SD,False,0,Non-Small Cell Lung Cancer,Lung Squamous Cell Carcinoma,0.0,CT chest/abdomen/pelvis,Formalin,0,18720.0,NSCLC,4.8,23327.0,23939.0,1.0,False,0,False,G778_P780dup (driver),21752.0,0.0336,IMPACT341,95.0,Pleomorphic,Yes,MSKCC,Pembrolizumab,7.0,0.0,No,False,0,0,0.0,PD1 alone,MICROSATELLITE STABLE (MSS). See MSI note below.,-0.43,Do not report,11.0,LUAD,0.8,0,79.5,lung,15714.0,4.3,1:PROGRESS,Lung,15-251,False,0,False,0,Tumor,1,1063,Metastasis,Female,Never smoker,Matched,Included,False,R40L,20.6,14.584506079,42.0,SOC,Yes
lung_msk_mind_2020,P-0033978,P-0014885-T01-IM6,59.0,76,3.4,False,0,False,S711* (driver),POD/death,False,0,Non-Small Cell Lung Cancer,Lung Adenocarcinoma,41.0,CT chest/abdomen/pelvis,0,0,0.0,NSCLC,7.7,28254.0,20022.0,1.0,False,0,False,0,22349.0,0.163,IMPACT468,0.0,Squamous,0,MSKCC,Atezolizumab,2.0,0.0,No,False,0,Liver,0.0,PD1+CTLA4,MICROSATELLITE STABLE (MSS). See MSI note below.,-0.03,Do not report,0.0,LUSC,0.0,0,0.5,ascites,19487.0,5.3,1:PROGRESS,Lung,13-197,False,0,False,0,Tumor,1,884,Metastasis,Male,Former smoker,Matched,0,True,0,47.9,24.897835544,33.0,SOC,Yes
lung_msk_mind_2020,P-0015296,P-0003635-T01-IM5,92.0,81,4.3,False,0,False,0,POD,False,0,Non-Small Cell Lung Cancer,Lung Adenocarcinoma,0.0,CT chest/abdomen/pelvis,0,0,0.0,NSCLC,4.6,27709.0,24759.0,1.0,False,0,False,0,26208.0,0.1805,IMPACT468,94.0,NOS,Yes,MSKCC,Pembrolizumab,2.0,0.0,No,False,0,0,0.0,PD1 alone,MICROSATELLITE STABLE (MSS). This result is for investigational use only. See MSI note below.,-0.53,Do not report,25.0,LUAD,0.0,0,25,bone,18282.0,0.0,1:PROGRESS,Lung,0,False,0,False,0,Tumor,1,349,Primary,Female,Never smoker,Matched,Included,False,0,14.3,22.276469663,53.0,SOC,Yes
lung_msk_mind_2020,P-0015693,P-0007493-T02-IM5,57.0,68,3.7,False,0,False,0,POD/death,False,0,Non-Small Cell Lung Cancer,Lung Adenocarcinoma,58.0,CT chest/abdomen/pelvis,0,0,0.0,NSCLC,5.2,27025.0,24372.0,1.0,False,0,False,0,20271.0,0.0,IMPACT468,95.0,Squamous,Yes,MSKCC,Pembrolizumab,2.0,0.0,0,False,0,Lymph Node,0.0,PD1 alone,0,-0.1,Do not report,11.0,LUAD,0.0,0,11,lung,18429.0,1.5,1:PROGRESS,Lung,0,False,0,False,0,Tumor,1,640,Primary,Female,0,Matched,Included,False,0,55.6,16.194402956,58.0,SOC,No
lung_msk_mind_2020,P-0015348,P-0040848-T01-IM6,80.0,55,4.2,False,0,False,0,SD,False,0,Non-Small Cell Lung Cancer,Non-Small Cell Lung Cancer,0.0,CT chest/abdomen/pelvis,0,0,24053.0,NSCLC,4.7,21655.0,20836.0,0.0,False,0,False,0,23467.0,0.0,IMPACT468,73.0,Adenocarcinoma,No,MSKCC,Atezolizumab,2.0,1.0,0,False,0,Bone,0.0,PD1 alone,MICROSATELLITE STABLE (MSS). See MSI note below.,-0.23,Indeterminate,10.0,LUAD,0.0,0,2.25,chest wall,27608.0,9.0,0:CENSORED,Lung,0,False,0,False,0,Tumor,1,677,Primary,Female,Current smoker (within 6 months of diagnosis),Matched,Excluded,True,L282Afs*3 (driver),28.1,8.920919462,20.0,SOC,Yes
lung_msk_mind_2020,P-0009959,P-0013831-T01-IM5,66.0,65,3.9,False,A207Qfs*42,False,Y803C,POD,False,0,Cancer of Unknown Primary,Lung Adenocarcinoma,19.0,CT chest/abdomen/pelvis,Cytolyt,No durable clinical benefit,16342.0,NSCLC,3.3,23636.0,20955.0,1.0,False,0,False,0,25065.0,0.0571,IMPACT468,93.0,Large cell neuroendocrine,Yes,MSKCC,Ipilimumab+Nivolumab,1.0,0.0,Yes,False,X963_splice (driver),Soft Tissue,0.0,PD1 alone,MICROSATELLITE STABLE (MSS). See MSI note below.,0.78,Do not report,23.0,LUAD,0.0,0,20,lung,15428.0,0.0,1:PROGRESS,Lung,0,False,0,False,0,Tumor,1,257,Metastasis,Female,Former smoker,Matched,Included,False,0,13.5,8.221499316,70.0,Clinical trial,No
lung_msk_mind_2020,P-0009110,P-0016646-T01-IM6,83.0,73,4.5,False,0,False,0,PR,False,0,Non-Small Cell Lung Cancer,Lung Adenocarcinoma,0.0,CT chest/abdomen/pelvis,0,0,20269.0,NSCLC,3.6,26589.0,27536.0,1.0,False,0,False,0,24500.0,0.0,IMPACT468,91.0,Adenocarcinoma,Yes,MSKCC,Pembrolizumab,2.0,0.0,0,False,0,Bone,0.0,PD1 alone,0,-0.26,Stable,32.0,LUAD,0.0,0,12,lung,13739.0,0.0,1:PROGRESS,Lung,0,False,0,False,0,Tumor,1,1087,Primary,Female,Current smoker (within 6 months of diagnosis),Matched,Included,False,0,10.5,12.422861042,44.0,SOC,Yes
lung_msk_mind_2020,P-0027733,P-0039832-T01-IM6,71.0,68,4.2,False,0,False,0,POD,False,0,Non-Small Cell Lung Cancer,Lung Adenocarcinoma,0.0,CT chest,0,No durable clinical benefit,0.0,NSCLC,5.0,24172.0,25917.0,1.0,True,0,False,0,26700.0,0.2103,IMPACT468,91.0,Squamous,Yes,MSKCC,Nivolumab,2.0,0.0,0,False,0,0,0.0,PD1 alone,MICROSATELLITE STABLE (MSS). See MSI note below.,-0.24,Stable,11.0,LUAD,1.9,0,24,lung,23557.0,0.0,1:PROGRESS,Lung,0,False,C528S,False,0,Tumor,1,876,Metastasis,Male,Current smoker (within 6 months of diagnosis),Matched,Included,False,0,13.5,9.468376413,24.0,SOC,Yes
lung_msk_mind_2020,P-0023926,P-0033239-T01-IM6,76.0,75,2.5,False,0,False,0,POD/death,False,0,Non-Small Cell Lung Cancer,Lung Adenocarcinoma,0.0,CT chest/abdomen/pelvis,0,0,23407.0,NSCLC,4.8,25557.0,25632.0,1.0,False,0,False,0,25179.0,0.0,IMPACT468,90.0,Adenocarcinoma,Yes,MSKCC,Nivolumab,1.0,0.0,No,False,0,0,0.0,PD1 alone,MICROSATELLITE STABLE (MSS). See MSI note below.,-0.33,Do not report,12.0,LUAD,0.4,0,0,lung,19887.0,0.0,1:PROGRESS,Lung,0,False,0,False,0,Tumor,1,535,Primary,Female,Current smoker (within 6 months of diagnosis),Matched,Included,False,0,31.0,10.521253428,45.0,SOC,No
lung_msk_mind_2020,P-0027133,P-0012056-T02-IM6,82.0,65,3.6,False,0,True,Q766Sfs*67 (driver),SD,False,0,Non-Small Cell Lung Cancer,Lung Adenocarcinoma,65.0,CT chest,0,0,19631.0,NSCLC,9.4,25605.0,24785.0,1.0,False,0,False,0,23124.0,0.0,IMPACT468,0.0,Squamous,Yes,MSKCC,Nivolumab (+added ipilimumab),1.0,34.0,0,False,0,0,0.0,PD1 alone,MICROSATELLITE STABLE (MSS). See MSI note below.,-0.64,Do not report,25.0,LUAD,6.5,0,60,pleura,19924.0,1.5,1:PROGRESS,Lung,0,False,0,False,0,Tumor,1,421,Primary,Female,Current smoker (within 6 months of diagnosis),Matched,Included,False,0,13.8,10.668081379,39.0,SOC,Yes
lung_msk_mind_2020,P-0027455,P-0012476-T02-IM6,74.0,77,4.1,False,0,False,0,POD/death,False,0,Non-Small Cell Lung Cancer,Lung Adenocarcinoma,65.0,CT chest/abdomen/pelvis,0,No durable clinical benefit,20685.0,NSCLC,4.4,27057.0,24211.0,1.0,False,0,False,0,25698.0,0.0384,IMPACT468,95.0,Adenocarcinoma,Yes,MSKCC,Nivolumab,5.0,0.0,0,False,0,0,0.0,PD1 alone,MICROSATELLITE STABLE (MSS). This result is for investigational use only. See MSI note below.,-0.5,Do not report,11.0,LUAD,0.4,0,6,lung,19856.0,9.2,1:PROGRESS,Lung,0,False,0,False,0,Tumor,1,496,Metastasis,Male,Current smoker (within 6 months of diagnosis),Matched,Included,False,0,8.1,14.959225317,43.0,SOC,No
lung_msk_mind_2020,P-0026121,P-0040848-T01-IM6,68.0,77,4.2,False,0,False,0,CR,False,0,Non-Small Cell Lung Cancer,Lung Neuroendocrine Tumor,2.0,CT chest/abdomen/pelvis,Formalin,0,0.0,NSCLC,4.3,23359.0,22806.0,0.0,False,0,False,0,23381.0,0.3784,IMPACT410,95.0,Adenocarcinoma,No,MSKCC,Pembrolizumab,7.0,0.0,No,False,0,Pleura,0.0,PD1 alone,MICROSATELLITE STABLE (MSS). See MSI note below.,0.34,Stable,19.0,LCLC,1.1,0,58,0,22437.0,9.4,1:PROGRESS,Lung,0,False,0,False,0,Tumor,1,756,Primary,Male,Current smoker (within 6 months of diagnosis),Matched,Included,False,STK11-intragenic,11.3,3.856189716,35.0,SOC,Yes
lung_msk_mind_2020,P-0018197,P-0019647-T01-IM6,86.0,79,3.4,False,0,False,0,SD,False,0,Non-Small Cell Lung Cancer,Lung Adenocarcinoma,5.0,CT chest/abdomen/pelvis,0,0,15619.0,NSCLC,5.0,25726.0,20156.0,1.0,False,0,False,0,16476.0,0.0,IMPACT468,92.0,Adenocarcinoma,Yes,MSKCC,Pembrolizumab,1.0,0.0,0,False,0,0,0.0,PD1 alone,0,0.22,Stable,9.0,NSCLC,0.0,0,0,lymph node,20339.0,0.0,1:PROGRESS,Lung,0,False,0,False,0,Tumor,1,483,Metastasis,Female,Current smoker (within 6 months of diagnosis),Matched,Excluded,False,0,14.3,12.984235954,32.0,SOC,Yes
lung_msk_mind_2020,P-0022808,P-0011260-T01-IM5,82.0,40,4.5,False,G718A,False,0,PR,False,0,Non-Small Cell Lung Cancer,Lung Adenosquamous Carcinoma,69.0,CT chest/abdomen,0,0,21140.0,NSCLC,2.7,27701.0,19343.0,2.0,False,0,False,AMP (driver),22491.0,0.0071,IMPACT468,95.0,Adenocarcinoma,Yes,MSKCC,Nivolumab,2.0,0.0,No,False,0,Bone,0.0,PD1 alone,MICROSATELLITE STABLE (MSS). See MSI note below.,1.87,0,9.0,LUAD,1.1,0,0,lung,21964.0,0.4,1:PROGRESS,Lung,13-197,False,0,False,0,Tumor,1,746,Primary,Female,Current smoker (within 6 months of diagnosis),Matched,Included,False,0,19.7,19.858169303,59.0,SOC,Yes
lung_msk_mind_2020,P-0023562,P-0021769-T01-IM6,81.0,68,3.9,False,0,False,0,SD,False,0,Non-Small Cell Lung Cancer,Poorly Differentiated Non-Small Cell Lung Cancer,2.0,CT chest,0,0,17504.0,NSCLC,4.5,24609.0,23022.0,1.0,False,0,False,0,21404.0,0.5472,IMPACT468,92.0,Adenocarcinoma,Yes,MSKCC,Pembrolizumab,1.0,75.0,No,False,0,Lymph Node,0.0,PD1 alone,MICROSATELLITE STABLE (MSS). See MSI note below.,0.84,Do not report,3.0,LUSC,0.0,0,33.75,lymph node,18482.0,0.0,1:PROGRESS,Lung,0,False,0,False,0,Tumor,1,746,Metastasis,Female,Current smoker (within 6 months of diagnosis),Matched,Excluded,False,0,42.8,6.141940201,34.0,Clinical trial,No
lung_msk_mind_2020,P-0015213,P-0032182-T01-IM6,69.0,64,3.3,False,P1456H,True,0,PR,False,0,Lung Adenocarcinoma,Lung Adenocarcinoma,1.0,CT chest/abdomen/pelvis,0,0,25895.0,NSCLC,3.9,19105.0,27421.0,1.0,False,0,True,0,26853.0,0.2088,IMPACT468,95.0,NOS,Yes,MSKCC,Pembrolizumab,2.0,0.0,No,False,0,Bone,0.0,PD1 alone,0,0.11,Stable,20.0,LUAD,0.0,0,7.5,lymph node,21352.0,15.2,1:PROGRESS,Lung,0,False,0,False,0,Tumor,1,602,Primary,Female,0,Matched,Included,False,0,32.5,4.176833417,14.0,SOC,No
lung_msk_mind_2020,P-0010980,P-0020140-T02-IM6,75.0,69,3.4,False,0,False,0,POD/death,False,0,Non-Small Cell Lung Cancer,Lung Adenocarcinoma,67.0,CT chest/abdomen/pelvis,0,0,0.0,NSCLC,3.1,25994.0,24842.0,1.0,False,0,False,0,23506.0,0.0,IMPACT410,95.0,Adenocarcinoma,No,MSKCC,Nivolumab,1.0,13.0,No,False,0,0,0.0,PD1 alone,MICROSATELLITE STABLE (MSS). See MSI note below.,-0.5,Do not report,8.0,LUAD,0.0,0,0,lung,24004.0,0.0,1:PROGRESS,Lung,0,False,0,False,0,Tumor,1,916,Metastasis,Female,Current smoker (within 6 months of diagnosis),Matched,Included,False,0,27.8,11.549112825,51.0,SOC,No
lung_msk_mind_2020,P-0015529,P-0010514-T01-IM5,83.0,76,3.8,False,0,False,0,POD/death,False,0,Non-Small Cell Lung Cancer,Lung Adenocarcinoma,92.0,CT chest/abdomen/pelvis,0,0,0.0,NSCLC,9.8,27977.0,21026.0,1.0,False,0,False,0,22685.0,0.0247,IMPACT410,90.0,NOS,Yes,MSKCC,Nivolumab,2.0,0.0,Yes,False,0,Pleural Fluid,0.0,PD1 alone,0,0.16,Stable,21.0,LUAD,0.0,0,10,lung,25211.0,0.0,1:PROGRESS,Lung,0,False,0,False,0,Tumor,1,562,Metastasis,Female,Current smoker (within 6 months of diagnosis),Matched,Included,False,0,34.3,8.241383065,31.0,SOC,Yes
lung_msk_mind_2020,P-0040848,P-0028320-T01-IM6,78.0,80,3.6,False,0,False,0,SD,False,0,Non-Small Cell Lung Cancer,Lung Adenocarcinoma,0.0,CT chest/abdomen/pelvis,0,0,0.0,NSCLC,4.2,20621.0,25128.0,1.0,False,0,False,0,21770.0,0.0,IMPACT468,88.0,Squamous,Yes,MSKCC,Nivolumab,2.0,0.0,Yes,True,X1010_splice (driver),0,0.0,PD1 alone,MICROSATELLITE INSTABILITY-INDETERMINATE. See MSI note below.,0.37,Stable,11.0,LUAD,0.2,0,6,lung,19326.0,0.0,1:PROGRESS,Lung,0,False,0,False,0,Tumor,1,492,Metastasis,Male,Former smoker,Matched,Included,False,0,9.3,15.508074442,61.0,SOC,No
lung_msk_mind_2020,P-0032126,P-0018960-T01-IM6,93.0,69,3.9,False,0,False,0,PR,False,0,Non-Small Cell Lung Cancer,Lung Adenocarcinoma,98.0,CT chest/abdomen/pelvis,0,0,15383.0,NSCLC,3.2,23116.0,22952.0,1.0,False,0,False,0,27960.0,0.0,IMPACT468,84.0,Adenocarcinoma,Yes,MSKCC,Pembrolizumab,5.0,0.0,0,False,0,Brain,0.0,PD1 alone,0,-0.44,Do not report,21.0,LUNE,0.0,0,36,lung,20433.0,0.0,1:PROGRESS,Lung,0,False,0,False,0,Tumor,1,751,Metastasis,Female,Former smoker,Matched,Excluded,False,0,12.3,8.755940297,33.0,SOC,Yes
lung_msk_mind_2020,P-0009256,P-0006516-T01-IM5,75.0,67,4.6,False,0,False,0,POD/death,False,0,Non-Small Cell Lung Cancer,Poorly Differentiated Non-Small Cell Lung Cancer,0.0,CT chest/abdomen/pelvis,0,0,21107.0,NSCLC,9.6,27465.0,24625.0,1.0,False,0,False,"AMP (driver), G778_P780dup (driver)",17632.0,0.07,IMPACT468,13.0,Adenocarcinoma,No,MSKCC,Pembrolizumab,2.0,31.0,No,False,0,0,0.0,PD1 alone,MICROSATELLITE STABLE (MSS). This result is for investigational use only. See MSI note below.,2.94,Indeterminate,19.0,LUAD,5.1,0,70,duodenum,24375.0,26.3,1:PROGRESS,Lung,0,False,0,False,0,Tumor,1,894,Primary,Female,Current smoker (within 6 months of diagnosis),Matched,Excluded,False,Q220Pfs*45 (driver),3.2,11.72067707,51.0,SOC,Yes
lung_msk_mind_2020,P-0026574,P-0016692-T01-IM6,72.0,43,4.0,False,0,False,0,SD,False,V600E (driver),Non-Small Cell Lung Cancer,Lung Squamous Cell Carcinoma,73.0,CT chest/abdomen/pelvis,0,0,26705.0,NSCLC,4.1,20801.0,27506.0,0.0,False,0,False,0,21172.0,0.0359,IMPACT410,95.0,NOS,No,MSKCC,Nivolumab,2.0,28.0,No,False,0,Lymph Node,0.0,PD1 alone,MICROSATELLITE STABLE (MSS). This result is for investigational use only. See MSI note below.,-0.04,Stable,70.0,LUAD,0.0,0,0,lung,21883.0,3.8,1:PROGRESS,Lung,0,False,0,False,L545F,Tumor,1,862,Metastasis,Female,Former smoker,Matched,Included,False,0,26.6,15.682762374,27.0,SOC,No
lung_msk_mind_2020,P-0027455,P-0009110-T01-IM5,83.0,75,4.2,False,0,False,0,PR,False,0,Non-Small Cell Lung Cancer,"Cancer of Unknown Primary, NOS",1.0,0,0,0,0.0,0,6.6,23476.0,26696.0,1.0,False,0,False,Y772_A775dup (driver),19370.0,0.0357,IMPACT468,94.0,Squamous,Yes,MSKCC,Pembrolizumab,1.0,0.0,Yes,False,0,0,0.0,PD1 alone,MICROSATELLITE STABLE (MSS). This result is for investigational use only. See MSI note below.,0.14,Stable,25.0,LUSC,0.0,0,15,liver,24504.0,1.0,1:PROGRESS,Lung,0,False,0,False,0,Tumor,1,865,Primary,Female,Current smoker (within 6 months of diagnosis),Matched,Excluded,False,0,25.0,9.848934,22.0,SOC,No
lung_msk_mind_2020,P-0006046,P-0028320-T01-IM6,80.0,49,3.7,False,0,True,0,POD/death,False,0,Non-Small Cell Lung Cancer,Non-Small Cell Lung Cancer,0.0,CT chest,0,0,0.0,NSCLC,7.2,23932.0,22098.0,2.0,False,0,False,0,20889.0,0.0865,IMPACT468,94.0,Adenocarcinoma,Yes,MSKCC,Pembrolizumab,1.0,0.0,No,False,0,Brain,0.0,PD1 alone,MICROSATELLITE STABLE (MSS). This result is for investigational use only. See MSI note below.,0.01,Stable,8.0,NSCLCPD,0.0,0,14,lung,22775.0,0.7,1:PROGRESS,Lung,0,False,0,False,0,Tumor,1,731,Metastasis,Female,Current smoker (within 6 months of diagnosis),Matched,Included,False,0,25.3,14.410889775,59.0,SOC,No
lung_msk_mind_2020,P-0019098,P-0017910-T01-IM6,85.0,57,4.3,False,0,False,0,POD/death,False,0,Non-Small Cell Lung Cancer,Lung Adenocarcinoma,34.0,CT chest/abdomen/pelvis,0,0,0.0,NSCLC,3.4,23942.0,23430.0,1.0,False,0,False,0,29740.0,0.0,IMPACT468,90.0,Adenocarcinoma,No,MSKCC,Nivolumab,1.0,0.0,No,False,0,Lymph node,0.0,PD1 alone,MICROSATELLITE STABLE (MSS). See MSI note below.,-0.02,Stable,10.0,LUAD,0.0,0,22.5,lymph node,12536.0,1.0,1:PROGRESS,Lung,0,False,0,False,0,Tumor,1,614,Metastasis,Male,Former smoker,Matched,Included,False,0,30.6,2.084806233,49.0,SOC,Yes
lung_msk_mind_2020,P-0022377,P-0023598-T01-IM6,92.0,77,4.6,False,0,False,A1029S,POD,False,0,Non-Small Cell Lung Cancer,Lung Squamous Cell Carcinoma,0.0,CT chest/abdomen/pelvis,0,0,17694.0,NSCLC,2.2,19079.0,18468.0,1.0,False,0,False,0,23515.0,0.0878,IMPACT468,79.0,Adenocarcinoma,Yes,MSKCC,Pembrolizumab,2.0,0.0,No,False,0,Brain,0.0,PD1 alone,MICROSATELLITE STABLE (MSS). See MSI note below.,-0.41,Stable,11.0,LUAD,2.8,0,6,lung,25388.0,15.3,1:PROGRESS,Lung,0,False,0,False,0,Tumor,1,1138,Metastasis,Female,Former smoker,Matched,Included,False,0,15.5,24.131592287,19.0,SOC,Yes
lung_msk_mind_2020,P-0010980,P-0017437-T01-IM6,78.0,75,4.5,False,0,False,0,PR,False,0,Non-Small Cell Lung Cancer,Lung Adenocarcinoma,0.0,CT chest,0,0,0.0,NSCLC,3.5,28611.0,25413.0,1.0,False,0,False,0,24983.0,0.0,IMPACT410,95.0,Adenocarcinoma,Yes,MSKCC,Pembrolizumab,2.0,44.0,Yes,False,D1228H (driver),0,0.0,PD1 alone,MICROSATELLITE STABLE (MSS). This result is for investigational use only. See MSI note below.,-0.18,Do not report,25.0,NSCLCPD,0.0,0,1.4,lung,11422.0,0.0,1:PROGRESS,Lung,0,False,0,False,0,Tumor,1,626,Primary,Female,Current smoker (within 6 months of diagnosis),Matched,Excluded,False,0,15.1,12.388529484,53.0,SOC,Yes
lung_msk_mind_2020,P-0018197,P-0003635-T01-IM5,87.0,55,3.6,False,0,False,0,PR,False,0,Non-Small Cell Lung Cancer,Lung Adenocarcinoma,0.0,CT chest/abdomen/pelvis,0,0,19827.0,NSCLC,3.0,22154.0,24603.0,1.0,True,0,False,0,26041.0,0.0,IMPACT468,72.0,NOS,Yes,MSKCC,Pembrolizumab,2.0,35.0,No,False,0,Lymph Node,0.0,PD1 alone,MICROSATELLITE STABLE (MSS). This result is for investigational use only. See MSI note below.,-0.13,Do not report,7.0,LUAD,0.0,0,45,lung,18961.0,24.6,1:PROGRESS,Lung,0,False,0,False,0,Tumor,1,850,Metastasis,Female,Current smoker (within 6 months of diagnosis),Matched,Included,False,0,13.4,16.843187733,11.0,SOC,Yes
lung_msk_mind_2020,P-0022103,P-0024980-T03-IM6,89.0,69,4.4,False,0,False,0,SD,False,0,Non-Small Cell Lung Cancer,Lung Adenocarcinoma,0.0,CT chest,0,0,13573.0,NSCLC,3.5,23396.0,23588.0,1.0,False,0,False,0,21489.0,0.0,IMPACT468,95.0,Adenocarcinoma,Yes,MSKCC,Pembrolizumab,1.0,0.0,No,False,0,0,0.0,PD1 alone,MICROSATELLITE STABLE (MSS). See MSI note below.,-0.18,Stable,32.0,LUAD,0.0,0,30,lymph node,15378.0,0.0,1:PROGRESS,Lung,0,False,0,False,0,Tumor,1,80,Primary,Male,Former smoker,Matched,Excluded,False,0,49.7,81.91417951,80.0,SOC,Yes
lung_msk_mind_2020,P-0027726,P-0003275-T01-IM5,63.0,77,3.3,False,0,False,0,POD/death,False,0,Non-Small Cell Lung Cancer,Lung Adenocarcinoma,0.0,CT chest/abdomen/pelvis,0,0,28040.0,NSCLC,3.1,27656.0,21193.0,0.0,False,E746_A750del (driver),False,0,25133.0,0.0208,IMPACT468,89.0,Adenocarcinoma,Yes,MSKCC,Nivolumab,2.0,0.0,0,False,0,Adrenal Gland,0.0,PD1 alone,MICROSATELLITE STABLE (MSS). See MSI note below.,0.11,Do not report,28.0,LUAD,0.0,0,0,lung,12268.0,1.4,1:PROGRESS,Lung,0,False,0,False,0,Tumor,1,754,Primary,Female,Never smoker,Matched,Included,False,0,16.2,17.62854763,76.0,SOC,Yes
lung_msk_mind_2020,P-0021769,P-0018979-T01-IM6,80.0,65,3.8,False,0,False,0,SD,False,0,Non-Small Cell Lung Cancer,Lung Adenocarcinoma,6.0,CT chest/abdomen/pelvis,0,0,43.0,NSCLC,7.3,28207.0,21870.0,1.0,False,0,False,0,25771.0,0.0,IMPACT410,90.0,Squamous,No,MSKCC,Atezolizumab,2.0,0.0,No,False,0,Soft Tissue,0.0,PD1 alone,MICROSATELLITE STABLE (MSS). See MSI note below.,-0.68,Do not report,12.0,LUAD,0.0,0,0,lung,22652.0,1.1,1:PROGRESS,Lung,0,False,0,False,0,Tumor,1,401,Metastasis,Female,Former smoker,Matched,Included,False,0,10.9,13.905614844,62.0,SOC,Yes
lung_msk_mind_2020,P-0018179,P-0021833-T01-IM6,83.0,81,4.3,False,0,False,0,POD/death,False,0,Non-Small Cell Lung Cancer,"Cancer of Unknown Primary, NOS",62.0,CT chest,Formalin,0,19734.0,NSCLC,8.3,28200.0,22531.0,1.0,False,0,False,0,21216.0,0.0,IMPACT468,86.0,Adenocarcinoma,No,MSKCC,Atezolizumab,2.0,42.0,Yes,False,0,Soft Tissue,0.0,PD1 alone,MICROSATELLITE STABLE (MSS). See MSI note below.,0.1,Do not report,1.0,NSCLC,0.0,0,30,liver,21011.0,8.2,1:PROGRESS,Lung,0,False,0,False,0,Tumor,1,587,Metastasis,Male,Former smoker,Matched,Included,False,0,25.6,8.672727917,79.0,SOC,Yes
lung_msk_mind_2020,P-0005783,P-0014764-T01-IM6,87.0,65,4.1,False,0,False,0,POD,False,0,Non-Small Cell Lung Cancer,Lung Squamous Cell Carcinoma,71.0,CT chest/abdomen/pelvis,0,0,0.0,NSCLC,3.1,23062.0,18424.0,1.0,True,0,True,0,27752.0,0.0,IMPACT468,9.0,Adenocarcinoma,No,MSKCC,Pembrolizumab,2.0,0.0,No,False,0,0,0.0,PD1 alone,MICROSATELLITE STABLE (MSS). This result is for investigational use only. See MSI note below.,-0.18,Stable,15.0,NSCLCPD,0.1,0,10,brain,23130.0,1.1,0:CENSORED,Lung,0,False,0,False,0,Tumor,1,464,Metastasis,Male,Former smoker,Matched,Included,False,0,49.8,24.310680745,5.0,SOC,No
lung_msk_mind_2020,P-0009168,P-0027742-T01-IM6,64.0,75,3.4,False,0,False,0,PR,False,0,Non-Small Cell Lung Cancer,Lung Squamous Cell Carcinoma,2.0,CT chest/abdomen/pelvis,Formalin,Durable clinical benefit,26708.0,NSCLC,8.4,15027.0,13955.0,1.0,False,0,False,P627S,17301.0,0.1096,IMPACT410,68.0,Squamous,Yes,MSKCC,Nivolumab,2.0,0.0,Yes,False,0,kidney,0.0,PD1 alone,MICROSATELLITE STABLE (MSS). See MSI note below.,1.71,Stable,13.0,LUSC,7.8,0,48,lung,21434.0,0.6,1:PROGRESS,Lung,0,False,0,False,0,Tumor,1,843,Primary,Female,Former smoker,Matched,Included,False,0,16.5,16.39977676,45.0,SOC,No
lung_msk_mind_2020,P-0026521,P-0012149-T01-IM5,91.0,47,4.3,False,0,False,0,PR,False,0,Non-Small Cell Lung Cancer,Lung Adenocarcinoma,0.0,CT chest/abdomen/pelvis,0,0,0.0,NSCLC,8.6,25611.0,22474.0,1.0,False,0,False,0,22032.0,0.0,IMPACT410,89.0,Squamous,No,MSKCC,Pembrolizumab,2.0,0.0,0,False,0,Lymph Node,0.0,PD1 alone,0,0.28,Stable,14.0,CUPNOS,0.0,0,35,brain,18335.0,0.5,1:PROGRESS,Lung,0,False,0,False,0,Tumor,1,787,Primary,Female,Current smoker (within 6 months of diagnosis),Matched,Included,False,0,17.7,8.901312106,42.0,SOC,Yes
lung_msk_mind_2020,P-0012341,P-0019765-T02-IM6,78.0,77,4.0,False,G718A,False,Q520* (driver),PR,False,0,Non-Small Cell Lung Cancer,Lung Adenocarcinoma,0.0,CT chest/abdomen/pelvis,0,No durable clinical benefit,14246.0,NSCLC,4.0,20731.0,25984.0,1.0,False,0,False,"AMP (driver), G778_P780dup (driver)",16335.0,0.0,IMPACT468,95.0,Adenosquamous,Yes,MSKCC,Pembrolizumab,2.0,0.0,Yes,False,0,0,0.0,PD1 alone,0,-0.32,Do not report,14.0,NSCLC,0.0,0,17.5,lung,21745.0,2.4,1:PROGRESS,Lung,0,False,0,False,0,Tumor,1,606,Metastasis,Female,Former smoker,Matched,Included,False,0,17.5,76.279973086,58.0,Clinical trial,No
lung_msk_mind_2020,P-0005783,P-0018366-T01-IM6,75.0,80,3.6,False,0,False,0,POD/bone,False,0,Non-Small Cell Lung Cancer,Lung Adenocarcinoma,4.0,CT chest,0,0,0.0,NSCLC,3.8,22697.0,24450.0,1.0,False,0,False,0,25618.0,0.0,IMPACT468,95.0,Squamous,Yes,MSKCC,Nivolumab,2.0,0.0,No,False,0,Lymph Node,0.0,PD1 alone,MICROSATELLITE STABLE (MSS). See MSI note below.,-0.05,Do not report,8.0,LUAD,0.0,0,55,bone,21231.0,0.0,1:PROGRESS,Lung,0,False,0,False,0,Tumor,1,907,Metastasis,Female,Never smoker,Matched,Excluded,False,0,24.7,5.684258914,25.0,SOC,No
lung_msk_mind_2020,P-0027576,P-0044186-T01-IM6,79.0,68,4.2,False,0,False,0,POD,False,0,Non-Small Cell Lung Cancer,"Cancer of Unknown Primary, NOS",0.0,CT chest,0,0,19703.0,NSCLC,4.2,26198.0,20982.0,1.0,False,0,False,0,27875.0,0.0447,IMPACT468,90.0,Adenocarcinoma,No,MSKCC,Atezolizumab,1.0,0.0,0,False,0,0,0.0,PD1 alone,MICROSATELLITE STABLE (MSS). This result is for investigational use only. See MSI note below.,0.06,Instable,28.0,LUAS,0.0,0,6,lymph node,21196.0,0.0,0:CENSORED,Lung,0,False,0,False,0,Tumor,1,621,Primary,Female,Former smoker,Matched,Excluded,False,0,13.2,41.118805899,19.0,SOC,Yes
lung_msk_mind_2020,P-0012894,P-0023598-T01-IM6,66.0,68,4.2,False,0,False,0,POD,False,0,Non-Small Cell Lung Cancer,Lung Adenocarcinoma,19.0,CT chest/abdomen/pelvis,0,0,0.0,NSCLC,33.1,23637.0,25141.0,1.0,False,0,False,0,26686.0,0.0,IMPACT468,0.0,Large cell neuroendocrine,Yes,MSKCC,Pembrolizumab,2.0,23.0,No,False,0,Lymph Node,0.0,PD1 alone,MICROSATELLITE STABLE (MSS). See MSI note below.,-0.65,Instable,12.0,LUAD,0.0,0,70.5,lung,16900.0,6.3,1:PROGRESS,Lung,0,False,0,False,0,Tumor,1,808,Metastasis,Female,Never smoker,Matched,Excluded,False,0,11.7,30.673418226,20.0,SOC,Yes
lung_msk_mind_2020,P-0000302,P-0021833-T01-IM6,80.0,74,4.2,False,0,False,0,SD,False,0,Non-Small Cell Lung Cancer,Lung Adenocarcinoma,0.0,CT chest/abdomen/pelvis,0,0,19020.0,NSCLC,9.8,21258.0,27919.0,1.0,False,0,False,0,27985.0,0.0,IMPACT468,90.0,Adenocarcinoma,Yes,MSKCC,Nivolumab,2.0,8.0,No,False,0,Bone,0.0,PD1 alone,MICROSATELLITE INSTABILITY-INDETERMINATE. See MSI note below.,-0.29,Stable,11.0,LUAD,1.6,0,10,lung,11236.0,0.4,1:PROGRESS,Lung,0,False,0,False,0,Tumor,1,361,Metastasis,Male,Never smoker,Matched,Included,False,0,16.4,15.959665874,52.0,SOC,Yes
lung_msk_mind_2020,P-0014451,P-0026958-T01-IM6,89.0,55,4.0,False,0,False,0,POD,False,0,Lung Squamous Cell Carcinoma,Lung Adenocarcinoma,3.0,CT chest/abdomen/pelvis,0,0,14326.0,NSCLC,2.0,25921.0,19863.0,1.0,False,0,False,0,22753.0,0.0107,IMPACT468,95.0,Adenocarcinoma,Yes,MSKCC,Atezolizumab,2.0,0.0,No,False,0,0,0.0,PD1 alone,0,-0.01,Stable,23.0,NSCLC,0.0,0,20,lung,20188.0,0.0,1:PROGRESS,Lung,0,False,0,False,0,Tumor,1,631,Metastasis,Female,Current smoker (within 6 months of diagnosis),Matched,Excluded,False,0,7.2,10.276798189,74.0,SOC,Yes
lung_msk_mind_2020,P-0006768,P-0025598-T01-IM6,59.0,67,3.6,False,0,False,0,POD/clinical,False,0,Non-Small Cell Lung Cancer,Large Cell Neuroendocrine Carcinoma,0.0,CT chest,0,0,21498.0,NSCLC,1.5,29275.0,22426.0,1.0,False,AMP (driver),False,"AMP (driver), L755P (driver)",26448.0,0.0025,IMPACT341,95.0,Adenocarcinoma,Yes,MSKCC,Pembrolizumab,2.0,47.0,No,False,0,Lymph Node,0.0,PD1 alone,0,-0.08,Stable,6.0,NSCLC,7.6,0,unk,soft tissue (rib),25791.0,0.0,1:PROGRESS,Lung,0,False,0,False,0,Tumor,1,518,Metastasis,Male,Current smoker (within 6 months of diagnosis),Matched,Included,False,0,22.9,9.02925057,46.0,SOC,Yes
lung_msk_mind_2020,P-0015950,P-0031727-T01-IM6,82.0,81,3.7,False,0,False,0,SD,False,0,Non-Small Cell Lung Cancer,Lung Adenocarcinoma,0.0,CT chest,0,No durable clinical benefit,0.0,NSCLC,2.7,20809.0,24518.0,0.0,False,A24S,False,0,18525.0,0.4927,IMPACT341,95.0,0,No,MSKCC,Atezolizumab,1.0,0.0,Yes,False,0,Lymph Node,0.0,PD1 alone,0,0.62,Stable,13.0,LUAD,0.0,0,0,lung,15158.0,6.5,1:PROGRESS,Lung,0,False,0,False,S340F,Tumor,1,983,Primary,Male,Current smoker (within 6 months of diagnosis),Matched,Excluded,False,0,11.3,11.928555206,69.0,SOC,Yes
lung_msk_mind_2020,P-0021833,P-0018179-T01-IM6,87.0,68,4.2,False,0,False,0,PR,False,0,Non-Small Cell Lung Cancer,Lung Squamous Cell Carcinoma,0.0,CT chest/abdomen/pelvis,0,0,0.0,NSCLC,3.8,26603.0,25355.0,1.0,False,0,False,0,25749.0,0.0,IMPACT410,95.0,Adenocarcinoma,Yes,MSKCC,Pembrolizumab,2.0,0.0,0,False,0,Lymph node,0.0,PD1 alone,0,0.03,Stable,25.0,LUAD,0.0,0,14,lung,25236.0,0.0,1:PROGRESS,Lung,0,False,0,False,0,Tumor,1,318,Primary,Female,Current smoker (within 6 months of diagnosis),Matched,Included,False,0,15.6,10.567541809,38.0,SOC,Yes
lung_msk_mind_2020,P-0028173,P-0027576-T01-IM6,73.0,79,3.7,False,0,False,A1029S,CR,False,0,Non-Small Cell Lung Cancer,Lung Adenocarcinoma,8.0,CT chest,0,0,19477.0,NSCLC,27.6,22784.0,23163.0,2.0,False,0,False,0,28037.0,0.0,IMPACT468,90.0,Squamous,Yes,MSKCC,Atezolizumab,1.0,3.0,0,False,"AMP (driver), X963_splice (driver), MET-intragenic - Archer",Chest wall soft tissue,0.0,PD1 alone,MICROSATELLITE STABLE (MSS). See MSI note below.,0.11,Stable,1.0,LUAD,0.0,0,20,lung,23396.0,0.2,1:PROGRESS,Lung,0,False,0,False,0,Tumor,1,819,Primary,Male,Never smoker,Matched,Excluded,False,L282Sfs*5 (driver),48.2,10.428446013,80.0,SOC,Yes
lung_msk_mind_2020,P-0007493,P-0002921-T01-IM3,87.0,74,4.5,False,0,False,0,PR,False,0,Non-Small Cell Lung Cancer,Lung Adenocarcinoma,0.0,CT chest/abdomen/pelvis,0,0,15527.0,NSCLC,4.2,23265.0,14981.0,1.0,False,0,False,0,28419.0,0.0,IMPACT468,95.0,Adenocarcinoma,Yes,MSKCC,Pembrolizumab,2.0,31.0,No,False,0,0,0.0,PD1 alone,MICROSATELLITE STABLE (MSS). See MSI note below.,-0.07,Stable,23.0,LUAD,0.0,0,unk,lung,21182.0,0.0,1:PROGRESS,Lung,0,False,0,False,0,Tumor,1,910,Metastasis,Female,Never smoker,Matched,Excluded,False,0,31.6,7.173762417,32.0,SOC,Yes
lung_msk_mind_2020,P-0010927,P-0021833-T01-IM6,73.0,67,4.4,False,0,False,0,POD/death,False,0,Lung Adenocarcinoma,Lung Adenocarcinoma,81.0,CT chest/abdomen/pelvis,0,0,0.0,NSCLC,7.4,21196.0,26780.0,1.0,False,0,False,0,27142.0,0.0051,IMPACT468,7.0,NOS,No,MSKCC,Pembrolizumab,6.0,4.0,No,False,0,0,0.0,PD1 alone,0,0.2,Indeterminate,17.0,LUAD,0.0,0,40,lung,23035.0,1.5,1:PROGRESS,Lung,14-103,False,0,False,0,Tumor,1,999,Metastasis,Female,Current smoker (within 6 months of diagnosis),Matched,0,False,0,5.9,6.282356277,20.0,SOC,Yes
lung_msk_mind_2020,P-0025354,P-0025657-T02-IM6,53.0,55,4.4,False,0,False,0,SD,False,0,Non-Small Cell Lung Cancer,Lung Squamous Cell Carcinoma,3.0,CT chest/abdomen,0,Durable clinical benefit,16870.0,NSCLC,9.2,23180.0,28515.0,1.0,False,0,False,0,27091.0,0.0191,IMPACT468,7.0,Adenocarcinoma,No,MSKCC,Nivolumab,4.0,36.0,No,False,0,0,0.0,PD1 alone,MICROSATELLITE STABLE (MSS). See MSI note below.,-0.57,Do not report,6.0,NSCLC,0.0,0,12.25,lung,19395.0,14.3,1:PROGRESS,Lung,0,False,0,False,0,Tumor,1,755,Metastasis,Female,Former smoker,Matched,Included,False,0,9.3,25.599342555,25.0,SOC,Yes
lung_msk_mind_2020,P-0004271,P-0025657-T02-IM6,91.0,80,4.4,False,0,False,0,PR,False,0,Non-Small Cell Lung Cancer,Non-Small Cell Lung Cancer,2.0,CT chest/abdomen/pelvis,0,0,15776.0,NSCLC,1.3,26574.0,22722.0,0.0,False,0,False,0,19242.0,0.0,IMPACT468,95.0,Adenocarcinoma,Yes,MSKCC,Pembrolizumab,2.0,0.0,No,False,0,Lymph Node,0.0,PD1 alone,MICROSATELLITE STABLE (MSS). This result is for investigational use only. See MSI note below.,2.0,Stable,72.0,LUAD,6.6,0,30,lung,19667.0,1.2,1:PROGRESS,Lung,0,False,0,False,0,Tumor,1,880,Metastasis,Female,Former smoker,Matched,Included,True,0,14.9,33.63684346,55.0,SOC,Yes
lung_msk_mind_2020,P-0027343,P-0019298-T01-IM6,86.0,82,4.0,False,0,False,0,PR,False,0,Non-Small Cell Lung Cancer,Lung Adenocarcinoma,0.0,CT chest,0,0,0.0,NSCLC,2.6,28072.0,25273.0,0.0,False,0,False,0,16199.0,0.0313,IMPACT468,74.0,Adenocarcinoma,Yes,MSKCC,Pembrolizumab,1.0,0.0,No,False,0,Lymph Node,0.0,PD1 alone,0,0.12,Stable,20.0,LUAD,2.8,0,20,lung,26012.0,2.1,0:CENSORED,Lung,0,False,0,False,0,Tumor,1,751,Primary,Female,Current smoker (within 6 months of diagnosis),Matched,Included,False,0,11.3,10.129937681,43.0,SOC,Yes
lung_msk_mind_2020,P-0009068,P-0001987-T01-IM3,77.0,75,4.4,False,0,False,0,PR,False,0,Non-Small Cell Lung Cancer,"Cancer of Unknown Primary, NOS",0.0,CT chest/abdomen/pelvis,0,No durable clinical benefit,21196.0,NSCLC,4.4,26631.0,25789.0,1.0,False,0,False,0,26374.0,0.0267,IMPACT468,93.0,NOS,Yes,MSKCC,0,2.0,0.0,No,False,0,Liver,0.0,PD1 alone,MICROSATELLITE STABLE (MSS). This result is for investigational use only. See MSI note below.,-0.66,Do not report,10.0,LUAD,0.0,0,4.5,lung,21763.0,13.6,1:PROGRESS,Lung,0,False,0,False,0,Tumor,1,349,Primary,Female,Former smoker,Matched,Included,False,P281Rfs*6 (driver),12.8,8.496607469,40.0,SOC,Yes
lung_msk_mind_2020,P-0015749,P-0024764-T01-IM6,84.0,48,3.2,False,0,False,0,SD,False,0,Lung Adenocarcinoma,Lung Adenocarcinoma,46.0,CT chest,0,0,22476.0,NSCLC,8.8,29651.0,22071.0,1.0,False,0,False,0,17967.0,0.0032,IMPACT468,91.0,Squamous,Yes,MSKCC,Atezolizumab,2.0,0.0,0,False,0,Chest Wall,0.0,PD1 alone,MICROSATELLITE INSTABILITY-HIGH (MSI-H). See MSI note below.,0.02,Stable,19.0,LUAD,0.7,0,0,lung,24724.0,3.0,1:PROGRESS,Lung,0,False,0,False,Y802C,Tumor,1,920,Metastasis,Female,Former smoker,Matched,Included,False,X200_splice (driver),12.2,9.198724492,31.0,SOC,Yes
lung_msk_mind_2020,P-0021769,P-0018198-T01-IM6,93.0,80,3.9,False,0,False,0,PR,False,0,Non-Small Cell Lung Cancer,Non-Small Cell Lung Cancer,4.0,CT chest/abdomen/pelvis,0,0,0.0,NSCLC,9.3,23574.0,21326.0,1.0,False,0,False,0,23471.0,0.0,IMPACT410,86.0,Adenocarcinoma,No,MSKCC,Atezolizumab,1.0,0.0,0,False,0,Lymph Node,0.0,PD1 alone,MICROSATELLITE STABLE (MSS). See MSI note below.,1.28,Stable,22.0,LUAD,0.0,0,60,lung,23952.0,0.0,1:PROGRESS,Lung,0,False,0,False,0,Tumor,1,496,Primary,Female,Current smoker (within 6 months of diagnosis),Matched,Included,False,0,25.6,15.365060293,80.0,SOC,No
lung_msk_mind_2020,P-0010927,P-0015296-T01-IM6,87.0,84,4.6,False,S62L,False,0,SD,False,0,Non-Small Cell Lung Cancer,Lung Adenocarcinoma,16.0,CT chest/abdomen/pelvis,0,0,0.0,NSCLC,5.2,28544.0,21438.0,1.0,False,0,False,0,31449.0,0.0089,IMPACT468,86.0,Squamous,Yes,MSKCC,Ipilimumab+Nivolumab,2.0,0.0,No,False,0,0,0.0,PD1 alone,MICROSATELLITE STABLE (MSS). See MSI note below.,-0.06,Stable,51.0,LUAD,0.0,0,48,lymph node,21626.0,0.0,1:PROGRESS,Lung,0,False,P181S,False,0,Tumor,1,567,Metastasis,Female,Current smoker (within 6 months of diagnosis),Matched,Included,False,0,16.7,8.926709866,46.0,SOC,Yes
lung_msk_mind_2020,P-0028930,P-0021769-T01-IM6,70.0,73,3.6,False,0,False,0,POD,False,0,Non-Small Cell Lung Cancer,Non-Small Cell Lung Cancer,3.0,CT chest,0,0,23841.0,NSCLC,3.3,26839.0,14199.0,1.0,False,0,False,0,18022.0,0.019,IMPACT468,36.0,Adenocarcinoma,Yes,MSKCC,Nivolumab,1.0,66.0,0,False,0,Liver,0.0,PD1 alone,MICROSATELLITE STABLE (MSS). See MSI note below.,-0.21,Stable,12.0,LUAD,0.0,0,15,lung,22138.0,0.0,1:PROGRESS,Lung,0,False,0,False,0,Tumor,1,682,Primary,Female,Current smoker (within 6 months of diagnosis),Matched,Included,False,0,3.7,8.250949556,80.0,SOC,Yes
lung_msk_mind_2020,P-0011260,P-0022301-T01-IM6,84.0,80,4.0,False,0,False,0,POD,False,0,Non-Small Cell Lung Cancer,Non-Small Cell Lung Cancer,0.0,CT chest/abdomen/pelvis,0,No durable clinical benefit,18133.0,NSCLC,9.2,22129.0,23113.0,1.0,False,E746_A750del (driver),False,0,26041.0,0.0,IMPACT468,89.0,Adenocarcinoma,Yes,MSKCC,Pembrolizumab,2.0,0.0,No,False,0,Adrenal Gland,0.0,PD1 alone,MICROSATELLITE STABLE (MSS). This result is for investigational use only. See MSI note below.,0.33,Indeterminate,35.0,NSCLC,0.0,0,49.5,bone,21585.0,0.8,1:PROGRESS,Lung,0,False,0,False,0,Tumor,1,80,Metastasis,Female,Former smoker,Matched,Included,True,STK11-intragenic,10.7,9.623948092,80.0,SOC,Yes
lung_msk_mind_2020,P-0010980,P-0021094-T01-IM6,83.0,68,3.7,False,0,False,0,POD,False,0,Non-Small Cell Lung Cancer,Lung Adenocarcinoma,60.0,CT chest/abdomen/pelvis,0,0,20534.0,NSCLC,4.0,24403.0,21739.0,2.0,False,0,False,0,15270.0,0.1225,IMPACT468,95.0,Adenocarcinoma,Yes,MSKCC,Atezolizumab,2.0,0.0,0,False,0,0,0.0,PD1 alone,MICROSATELLITE STABLE (MSS). See MSI note below.,-0.35,Stable,29.0,LUAD,0.0,0,48,lymph node,22892.0,6.1,1:PROGRESS,Lung,0,False,0,False,0,Tumor,1,776,Metastasis,Female,Never smoker,Matched,Included,True,0,10.9,16.287347479,48.0,SOC,Yes
lung_msk_mind_2020,P-0024764,P-0020192-T01-IM6,78.0,75,4.0,False,0,False,0,PR,False,0,Non-Small Cell Lung Cancer,Lung Squamous Cell Carcinoma,62.0,CT chest/abdomen/pelvis,0,0,17712.0,NSCLC,6.5,22737.0,25506.0,1.0,False,0,False,0,24518.0,0.1229,IMPACT468,95.0,Adenocarcinoma,Yes,MSKCC,Pembrolizumab,3.0,0.0,No,False,0,Lymph Node,0.0,PD1 alone,MICROSATELLITE STABLE (MSS). See MSI note below.,20.33,Stable,27.0,LUAD,0.0,0,21,lung,12138.0,0.0,0:CENSORED,Lung,0,False,0,False,0,Tumor,1,593,Metastasis,Male,Current smoker (within 6 months of diagnosis),Matched,Included,False,0,11.6,12.264559126,61.0,SOC,Yes
lung_msk_mind_2020,P-0025465,P-0019804-T02-IM6,73.0,81,4.3,False,G2R,False,0,SD,False,0,Non-Small Cell Lung Cancer,Lung Adenocarcinoma,1.0,CT chest,SSL,No durable clinical benefit,28042.0,NSCLC,6.0,28690.0,26017.0,0.0,False,AMP (driver),False,0,23413.0,0.1456,IMPACT410,95.0,Adenocarcinoma,Yes,MSKCC,Atezolizumab,4.0,35.0,No,False,0,Soft Tissue,0.0,PD1 alone,MICROSATELLITE STABLE (MSS). See MSI note below.,1.63,Stable,7.0,LUAD,0.0,0,0,bone,14747.0,11.9,1:PROGRESS,Lung,13-197,False,0,False,0,Tumor,1,612,Primary,Male,Current smoker (within 6 months of diagnosis),Matched,Included,True,0,90.4,37.603086562,31.0,SOC,No
lung_msk_mind_2020,P-0020755,P-0024764-T01-IM6,82.0,66,4.7,False,0,False,0,POD,True,0,Non-Small Cell Lung Cancer,Poorly Differentiated Non-Small Cell Lung Cancer,0.0,CT chest/abdomen/pelvis,0,0,489.0,NSCLC,9.2,24090.0,23278.0,0.0,False,0,False,0,22934.0,0.0093,IMPACT410,95.0,Adenocarcinoma,Yes,MSKCC,Pembrolizumab,4.0,0.0,0,True,0,Liver,0.0,PD1 alone,0,0.88,Do not report,11.0,LUAD,0.0,0,37,lung,23983.0,1.2,0,Lung,0,False,0,False,0,Tumor,1,499,Primary,Male,Former smoker,Matched,Included,False,0,20.6,10.995339737,25.0,SOC,Yes
lung_msk_mind_2020,P-0017749,P-0018198-T01-IM6,72.0,68,3.9,False,0,False,0,PR,False,0,Non-Small Cell Lung Cancer,Lung Adenocarcinoma,0.0,CT chest/abdomen/pelvis,0,0,17726.0,NSCLC,7.4,27464.0,19251.0,1.0,False,0,False,0,25235.0,0.0,IMPACT468,76.0,Adenocarcinoma,Yes,MSKCC,Pembrolizumab,1.0,0.0,0,False,0,Bone,0.0,PD1 alone,MICROSATELLITE STABLE (MSS). See MSI note below.,-0.29,Do not report,17.0,LUAD,0.0,0,6,lung,11181.0,0.0,1:PROGRESS,Lung,0,False,0,False,0,Tumor,1,526,Primary,Female,Former smoker,Matched,Included,False,0,28.8,11.814112706,36.0,SOC,Yes
lung_msk_mind_2020,P-0033978,P-0030654-T01-IM6,84.0,61,3.0,False,0,True,Q1098* (driver),PR,False,S616Y,Lung Adenocarcinoma,Lung Squamous Cell Carcinoma,1.0,CT chest/abdomen,0,0,0.0,NSCLC,9.5,27263.0,20198.0,1.0,False,0,False,0,18422.0,0.1399,IMPACT468,71.0,Squamous,Yes,MSKCC,Pembrolizumab,2.0,28.0,0,False,0,Pleural Fluid,0.0,PD1 alone,MICROSATELLITE STABLE (MSS). See MSI note below.,-0.1,Stable,10.0,LUAD,0.0,0,48,lymph node,23471.0,0.0,1:PROGRESS,Lung,0,False,H352P,False,0,Tumor,1,688,Metastasis,Female,Former smoker,Matched,Included,False,0,13.3,22.52178063,36.0,Clinical trial,Yes
lung_msk_mind_2020,P-0021797,P-0000239-T01-IM3,77.0,74,4.0,False,0,False,0,PR,False,0,Non-Small Cell Lung Cancer,Poorly Differentiated Non-Small Cell Lung Cancer,0.0,CT chest/abdomen/pelvis,0,0,24723.0,NSCLC,3.1,26543.0,27925.0,1.0,False,0,False,0,26351.0,0.0,IMPACT410,95.0,Adenocarcinoma,No,MSKCC,Pembrolizumab,7.0,0.0,0,False,0,Lymph Node,0.0,PD1 alone,MICROSATELLITE STABLE (MSS). See MSI note below.,-0.22,Indeterminate,16.0,LUAD,0.0,0,0.5,bone,17477.0,18.8,1:PROGRESS,Lung,0,False,0,False,0,Tumor,1,136,Primary,Female,Never smoker,Matched,Included,False,0,17.5,13.650095131,32.0,SOC,Yes
lung_msk_mind_2020,P-0022291,P-0028930-T01-IM6,79.0,76,4.0,False,0,False,0,PR,False,0,Large Cell Lung Carcinoma,Non-Small Cell Lung Cancer,1.0,CT chest,0,0,22992.0,NSCLC,6.8,27903.0,26507.0,1.0,False,0,False,L755F (driver),25751.0,0.0,IMPACT468,47.0,Squamous,Yes,MSKCC,Atezolizumab,1.0,0.0,No,False,0,Lymph Node,0.0,PD1 alone,MICROSATELLITE STABLE (MSS). This result is for investigational use only. See MSI note below.,0.13,Stable,10.0,LUAD,5.2,0,67.5,chest wall,22214.0,3.8,1:PROGRESS,Lung,16-183,False,0,False,0,Tumor,1,515,Metastasis,Female,Current smoker (within 6 months of diagnosis),Matched,Included,True,0,44.6,4.953857585,46.0,0,No
lung_msk_mind_2020,P-0020755,P-0019605-T02-IM6,73.0,48,4.1,False,0,False,0,POD/death,False,0,Non-Small Cell Lung Cancer,Lung Adenocarcinoma,0.0,CT chest/abdomen/pelvis,0,0,0.0,NSCLC,3.9,20710.0,19052.0,1.0,False,0,False,0,22705.0,0.0009,IMPACT468,95.0,Squamous,Yes,MSKCC,Pembrolizumab,2.0,0.0,No,False,0,0,0.0,PD1 alone,MICROSATELLITE STABLE (MSS). This result is for investigational use only. See MSI note below.,-1.0,Stable,38.0,LUAD,0.0,0,0.5,soft tissue (L2),24487.0,0.0,1:PROGRESS,Lung,0,False,0,False,0,Tumor,1,695,Metastasis,Female,Current smoker (within 6 months of diagnosis),Matched,Included,False,0,14.7,16.457723607,12.0,SOC,Yes
lung_msk_mind_2020,P-0010300,P-0018722-T01-IM6,83.0,57,3.0,False,0,False,0,SD,False,0,Non-Small Cell Lung Cancer,Lung Adenocarcinoma,0.0,CT chest/abdomen/pelvis,0,0,17224.0,NSCLC,4.5,25528.0,28621.0,0.0,False,0,False,0,25058.0,0.1758,IMPACT468,92.0,Squamous,No,MSKCC,Nivolumab,1.0,45.0,No,False,0,Lymph Node,0.0,PD1 alone,MICROSATELLITE STABLE (MSS). See MSI note below.,-0.17,Indeterminate,17.0,LUAD,0.0,0,10,bone,14184.0,0.0,1:PROGRESS,Lung,0,False,0,False,0,Tumor,1,569,Primary,Female,Former smoker,Matched,Excluded,False,0,16.5,11.344375333,76.0,SOC,Yes
lung_msk_mind_2020,P-0031665,P-0005783-T02-IM6,81.0,73,4.2,False,0,False,0,SD,False,0,Non-Small Cell Lung Cancer,Lung Adenocarcinoma,5.0,CT chest/abdomen/pelvis,Cytolyt,0,14514.0,NSCLC,3.1,29248.0,31327.0,1.0,False,0,False,0,26015.0,0.0,IMPACT468,12.0,Adenocarcinoma,Yes,MSKCC,Nivolumab,1.0,0.0,No,False,0,Brain,0.0,PD1 alone,MICROSATELLITE STABLE (MSS). See MSI note below.,-0.27,Stable,31.0,LUAD,0.0,0,0,lung,18466.0,0.0,1:PROGRESS,Lung,0,False,0,False,0,Tumor,1,907,Primary,Male,Former smoker,Matched,Included,False,0,30.7,14.376527493,29.0,SOC,No
lung_msk_mind_2020,P-0006768,P-0018179-T01-IM6,79.0,70,3.7,False,S62L,False,0,POD,False,0,Non-Small Cell Lung Cancer,Non-Small Cell Lung Cancer,54.0,CT chest,0,0,14896.0,NSCLC,33.1,24482.0,27508.0,2.0,False,0,False,0,26879.0,0.0,IMPACT468,93.0,Adenocarcinoma,Yes,MSKCC,Pembrolizumab,1.0,0.0,0,False,0,Lymph Node,0.0,PD1 alone,MICROSATELLITE STABLE (MSS). This result is for investigational use only. See MSI note below.,0.43,Do not report,13.0,LUAD,0.0,0,67.5,lung,24669.0,5.8,1:PROGRESS,Lung,0,False,0,False,0,Tumor,1,573,Primary,Female,Former smoker,Matched,Excluded,False,0,8.4,10.496582707,28.0,SOC,Yes
lung_msk_mind_2020,P-0018511,P-0025245-T01-IM6,75.0,74,4.4,False,0,True,0,PR,False,V487L,Non-Small Cell Lung Cancer,Lung Adenocarcinoma,71.0,CT chest/abdomen/pelvis,0,Durable clinical benefit,18555.0,NSCLC,33.1,21072.0,25743.0,1.0,True,"AMP (driver), L858R (driver)",False,0,18008.0,0.0,IMPACT468,86.0,NOS,Yes,MSKCC,Pembrolizumab,2.0,0.0,0,False,C584Wfs*10,Spine,0.0,PD1+CTLA4,MICROSATELLITE STABLE (MSS). See MSI note below.,-0.05,Do not report,24.0,LUAD,0.0,0,9,chest wall,19379.0,0.0,1:PROGRESS,Unknown,14-137,False,0,False,K1422N,Tumor,1,1007,Metastasis,Female,Former smoker,Matched,Included,False,E138Rfs*20 (driver),7.7,25.536434671,37.0,SOC,No
lung_msk_mind_2020,P-0011537,P-0016542-T01-IM6,93.0,69,4.2,False,0,False,0,POD/death,False,0,Non-Small Cell Lung Cancer,Lung Adenocarcinoma,0.0,CT chest,0,0,0.0,NSCLC,6.2,24564.0,22712.0,1.0,False,0,False,0,23050.0,0.0119,IMPACT468,95.0,Adenocarcinoma,Yes,MSKCC,Pembrolizumab,1.0,2.0,No,False,0,Lymph Node,0.0,PD1 alone,MICROSATELLITE STABLE (MSS). See MSI note below.,-0.04,Stable,16.0,LUAD,4.8,0,40,lung,21451.0,0.0,1:PROGRESS,Lung,0,False,0,False,0,Tumor,1,904,Metastasis,Male,Current smoker (within 6 months of diagnosis),Matched,Included,False,0,19.2,15.041988084,37.0,SOC,Yes
lung_msk_mind_2020,P-0031665,P-0009256-T01-IM5,67.0,68,4.4,False,0,False,0,POD,False,0,Non-Small Cell Lung Cancer,Lung Adenocarcinoma,0.0,CT chest/abdomen/pelvis,Cytolyt,0,26066.0,NSCLC,2.2,25224.0,22417.0,0.0,False,0,False,0,23272.0,0.4921,IMPACT468,95.0,Adenocarcinoma,Yes,MSKCC,Nivolumab,2.0,0.0,0,False,0,0,0.0,PD1 alone,MICROSATELLITE STABLE (MSS). See MSI note below.,-0.17,Do not report,9.0,LUNE,0.0,0,0,lymph node,22387.0,1.6,1:PROGRESS,Lung,0,False,R144L,False,0,Tumor,1,666,Primary,Female,Former smoker,Matched,0,False,0,30.3,8.656751171,42.0,SOC,Yes
lung_msk_mind_2020,P-0009068,P-0016174-T01-IM6,78.0,54,3.5,False,0,False,0,POD,False,0,Non-Small Cell Lung Cancer,Lung Adenocarcinoma,0.0,CT chest/abdomen/pelvis,0,0,0.0,NSCLC,4.5,26923.0,26740.0,1.0,False,0,False,0,29463.0,0.0,IMPACT468,90.0,Adenocarcinoma,Yes,MSKCC,Resection + Ipilimumab+Nivolumab,2.0,0.0,No,False,0,0,0.0,PD1 alone,MICROSATELLITE STABLE (MSS). This result is for investigational use only. See MSI note below.,-0.52,Stable,11.0,LUAD,0.0,0,0,lung,18046.0,0.0,1:PROGRESS,Lung,0,False,0,False,0,Tumor,1,635,Primary,Female,0,Matched,Included,False,0,30.5,12.889481158,24.0,SOC,Yes
lung_msk_mind_2020,P-0021769,P-0027713-T01-IM6,84.0,65,3.1,False,0,False,0,SD,False,0,Non-Small Cell Lung Cancer,Large Cell Neuroendocrine Carcinoma,0.0,CT chest/abdomen/pelvis,0,0,0.0,NSCLC,2.7,23094.0,23052.0,1.0,False,0,False,0,18298.0,0.0,IMPACT468,95.0,Adenocarcinoma,Yes,MSKCC,Nivolumab,2.0,0.0,0,False,0,0,0.0,PD1 alone,MICROSATELLITE STABLE (MSS). See MSI note below.,-1.0,Stable,9.0,LUAD,0.0,0,28,lung,22733.0,0.9,1:PROGRESS,Lung,0,False,0,False,0,Tumor,1,527,Metastasis,Male,Current smoker (within 6 months of diagnosis),Matched,Included,False,S428L,7.3,10.344891321,59.0,SOC,Yes
lung_msk_mind_2020,P-0025018,P-0002485-T01-IM3,89.0,66,3.6,False,G2R,False,0,PR,False,0,Lung Adenocarcinoma,Non-Small Cell Lung Cancer,0.0,CT chest/abdomen/pelvis,0,Durable clinical benefit,17546.0,NSCLC,4.3,18940.0,23265.0,1.0,False,0,False,0,17036.0,0.1197,IMPACT468,85.0,Squamous,Yes,MSKCC,Pembrolizumab,3.0,0.0,No,False,X1010_splice (driver),Lymph node,0.0,PD1 alone,MICROSATELLITE STABLE (MSS). This result is for investigational use only. See MSI note below.,-1.0,Stable,16.0,LUAD,0.0,0,33,lung,21075.0,40.0,1:PROGRESS,Lung,0,False,H352P,False,0,Tumor,1,447,Metastasis,Male,Never smoker,Matched,Excluded,False,0,7.6,14.417858813,35.0,Clinical trial,Yes
lung_msk_mind_2020,P-0019605,P-0020755-T01-IM6,71.0,63,4.1,False,0,False,0,PR,False,0,Non-Small Cell Lung Cancer,Lung Adenocarcinoma,1.0,CT chest/abdomen/pelvis,0,0,19121.0,NSCLC,1.6,31245.0,24464.0,1.0,False,0,False,0,20144.0,0.0,IMPACT468,95.0,Adenocarcinoma,Yes,MSKCC,Pembrolizumab,2.0,0.0,0,True,0,0,0.0,PD1 alone,MICROSATELLITE STABLE (MSS). See MSI note below.,-0.25,Stable,22.0,LUAD,0.0,0,7.5,lung,19424.0,0.6,1:PROGRESS,Lung,0,False,0,False,0,Tumor,1,968,Metastasis,Male,Former smoker,Matched,Included,False,0,9.0,15.992171925,27.0,SOC,Yes
