response,tmb,pd_l1,age,msi,metastasis,cancer
1,16.99,87.7,Middle-Aged,instable,1,Melanoma
1,14.45,74.1,Young,instable,0,Gastric Cancer
1,17.59,69.7,Elderly,instable,1,Melanoma
1,21.09,70.2,Senior,instable,1,Melanoma
1,14.06,35.9,Young,instable,0,Melanoma
1,14.06,29.4,Young,indeterminate,1,Lung Adenocarcinoma
1,21.32,80.9,Senior,indeterminate,1,Colorectal Cancer
1,18.07,81.0,Young,indeterminate,1,Melanoma
1,13.12,86.7,Middle-Aged,indeterminate,0,Lung Adenocarcinoma
1,17.17,91.3,Young,instable,1,Melanoma
1,13.15,51.1,Middle-Aged,do not report,1,Melanoma
1,13.14,50.2,Middle-Aged,stable,1,Lung Adenocarcinoma
1,15.97,79.8,Senior,instable,0,Colorectal Cancer
1,7.35,65.0,Young,stable,1,Colorectal Cancer
1,8.1,70.2,Senior,do not report,0,Gastric Cancer
1,12.75,79.6,Young,indeterminate,0,Lung Adenocarcinoma
1,10.95,89.0,Young,do not report,0,Gastric Cancer
1,16.26,33.8,Elderly,instable,0,Gastric Cancer
1,11.37,37.6,Young,indeterminate,0,Gastric Cancer
1,9.35,9.4,Senior,instable,0,Colorectal Cancer
1,20.86,57.8,Middle-Aged,indeterminate,1,Lung Adenocarcinoma
1,14.1,3.6,Young,stable,0,Gastric Cancer
1,15.27,46.6,Elderly,stable,1,Lung Adenocarcinoma
1,9.3,54.3,Senior,stable,1,Lung Adenocarcinoma
1,12.82,28.7,Young,do not report,0,Colorectal Cancer
1,15.44,59.1,Senior,instable,1,Gastric Cancer
1,10.4,3.1,Elderly,do not report,1,Gastric Cancer
1,16.5,3.7,Elderly,stable,1,Lung Adenocarcinoma
1,12.6,82.3,Senior,instable,1,Melanoma
1,13.83,36.0,Young,stable,0,Colorectal Cancer
1,12.59,12.7,Middle-Aged,do not report,1,Colorectal Cancer
1,22.41,52.2,Elderly,do not report,0,Colorectal Cancer
1,14.95,77.0,Young,do not report,1,Colorectal Cancer
1,10.77,21.6,Young,stable,1,Gastric Cancer
1,18.29,62.3,Middle-Aged,instable,0,Gastric Cancer
1,10.12,8.5,Elderly,instable,1,Melanoma
1,15.84,5.2,Elderly,stable,1,Colorectal Cancer
1,7.16,53.1,Young,instable,1,Colorectal Cancer
1,9.69,54.1,Young,stable,0,Lung Adenocarcinoma
1,15.79,63.7,Middle-Aged,instable,1,Gastric Cancer
1,17.95,72.6,Middle-Aged,indeterminate,0,Colorectal Cancer
1,15.69,97.6,Elderly,indeterminate,1,Melanoma
1,14.54,51.6,Senior,do not report,0,Melanoma
1,13.8,32.3,Elderly,indeterminate,0,Gastric Cancer
1,9.09,79.5,Young,indeterminate,1,Melanoma
1,12.12,27.1,Elderly,indeterminate,1,Melanoma
1,13.16,43.9,Senior,stable,0,Gastric Cancer
1,19.23,7.8,Middle-Aged,indeterminate,0,Colorectal Cancer
1,16.37,2.5,Senior,indeterminate,1,Colorectal Cancer
1,7.95,96.3,Senior,do not report,0,Melanoma
1,16.3,83.6,Senior,indeterminate,1,Melanoma
1,13.46,69.6,Middle-Aged,indeterminate,1,Colorectal Cancer
1,12.29,40.9,Senior,instable,1,Gastric Cancer
1,17.45,17.3,Senior,do not report,1,Melanoma
1,19.12,15.6,Senior,do not report,0,Lung Adenocarcinoma
1,18.73,25.0,Young,do not report,1,Gastric Cancer
1,11.64,54.9,Senior,do not report,0,Melanoma
1,13.76,71.5,Middle-Aged,do not report,1,Melanoma
1,16.33,66.0,Senior,do not report,0,Lung Adenocarcinoma
1,18.9,28.0,Senior,stable,1,Lung Adenocarcinoma
1,13.08,95.5,Middle-Aged,indeterminate,0,Colorectal Cancer
1,14.26,73.8,Senior,do not report,0,Gastric Cancer
1,10.57,55.4,Middle-Aged,indeterminate,1,Gastric Cancer
1,10.22,61.2,Senior,indeterminate,1,Colorectal Cancer
1,18.25,42.0,Middle-Aged,stable,1,Gastric Cancer
1,20.42,24.8,Senior,do not report,1,Gastric Cancer
1,14.71,35.6,Senior,instable,0,Gastric Cancer
1,19.01,75.8,Young,stable,1,Gastric Cancer
1,16.45,1.4,Young,instable,0,Gastric Cancer
1,12.42,11.6,Senior,indeterminate,0,Lung Adenocarcinoma
1,16.45,4.6,Senior,indeterminate,1,Gastric Cancer
1,21.15,4.1,Elderly,stable,0,Lung Adenocarcinoma
1,14.86,85.5,Middle-Aged,stable,0,Gastric Cancer
1,21.26,70.4,Elderly,instable,0,Colorectal Cancer
1,4.52,47.4,Young,do not report,0,Melanoma
1,18.29,9.8,Young,instable,1,Lung Adenocarcinoma
1,15.35,49.2,Young,stable,1,Gastric Cancer
1,13.8,47.3,Young,instable,1,Colorectal Cancer
1,15.37,17.3,Senior,stable,1,Melanoma
1,7.05,43.4,Young,instable,0,Lung Adenocarcinoma
1,14.12,39.9,Senior,stable,0,Melanoma
1,16.43,61.6,Senior,stable,1,Colorectal Cancer
1,20.91,63.5,Young,stable,1,Lung Adenocarcinoma
1,12.93,4.5,Young,do not report,1,Melanoma
1,11.77,37.5,Middle-Aged,instable,0,Gastric Cancer
1,12.99,62.6,Elderly,instable,1,Lung Adenocarcinoma
1,18.66,50.3,Young,instable,1,Melanoma
1,16.32,85.6,Middle-Aged,stable,1,Colorectal Cancer
1,12.88,65.9,Middle-Aged,instable,0,Colorectal Cancer
1,17.05,16.3,Elderly,instable,0,Lung Adenocarcinoma
1,15.39,7.1,Senior,stable,0,Melanoma
1,18.87,64.2,Young,indeterminate,0,Lung Adenocarcinoma
1,12.19,2.7,Elderly,stable,0,Lung Adenocarcinoma
1,13.69,58.6,Young,instable,0,Melanoma
1,13.43,94.0,Middle-Aged,stable,0,Melanoma
1,9.15,57.5,Middle-Aged,indeterminate,0,Gastric Cancer
1,16.18,38.8,Senior,stable,1,Melanoma
1,16.04,64.3,Middle-Aged,instable,1,Colorectal Cancer
1,15.02,45.8,Middle-Aged,indeterminate,0,Lung Adenocarcinoma
1,14.06,54.6,Elderly,do not report,0,Lung Adenocarcinoma
1,9.34,94.1,Young,instable,1,Colorectal Cancer
1,13.32,38.6,Young,indeterminate,0,Melanoma
1,13.63,96.1,Elderly,indeterminate,0,Colorectal Cancer
1,11.79,90.5,Senior,do not report,0,Colorectal Cancer
1,14.35,19.6,Young,stable,1,Gastric Cancer
1,16.62,6.9,Middle-Aged,stable,1,Colorectal Cancer
1,22.54,10.1,Young,instable,1,Lung Adenocarcinoma
1,15.7,1.8,Middle-Aged,do not report,1,Colorectal Cancer
1,16.03,9.4,Senior,stable,1,Lung Adenocarcinoma
1,14.7,68.3,Elderly,do not report,0,Lung Adenocarcinoma
1,7.32,7.1,Young,stable,1,Lung Adenocarcinoma
1,14.89,31.9,Elderly,indeterminate,0,Melanoma
1,15.24,84.5,Young,stable,0,Gastric Cancer
1,24.85,2.3,Middle-Aged,do not report,1,Lung Adenocarcinoma
1,14.23,81.4,Elderly,indeterminate,1,Lung Adenocarcinoma
1,16.21,28.2,Young,indeterminate,0,Melanoma
1,14.86,11.8,Middle-Aged,indeterminate,0,Lung Adenocarcinoma
1,10.33,69.7,Elderly,do not report,0,Colorectal Cancer
1,19.57,62.9,Elderly,instable,1,Colorectal Cancer
1,18.01,87.7,Young,instable,1,Gastric Cancer
1,18.16,73.5,Young,instable,1,Lung Adenocarcinoma
1,11.36,80.3,Young,do not report,1,Melanoma
1,20.61,28.2,Middle-Aged,indeterminate,1,Colorectal Cancer
1,9.39,17.7,Young,instable,0,Melanoma
1,17.35,75.1,Elderly,do not report,1,Melanoma
1,23.76,80.7,Elderly,instable,0,Colorectal Cancer
1,11.04,99.1,Young,stable,0,Melanoma
1,12.73,41.3,Young,instable,0,Colorectal Cancer
1,15.4,37.2,Senior,instable,1,Melanoma
1,12.99,77.6,Elderly,indeterminate,1,Colorectal Cancer
1,8.8,34.1,Middle-Aged,do not report,1,Lung Adenocarcinoma
1,15.27,93.1,Senior,indeterminate,0,Gastric Cancer
1,10.75,85.8,Young,indeterminate,0,Colorectal Cancer
1,16.89,42.9,Young,indeterminate,0,Colorectal Cancer
1,11.32,75.1,Elderly,indeterminate,0,Gastric Cancer
1,21.2,75.5,Young,indeterminate,0,Colorectal Cancer
1,11.87,10.3,Middle-Aged,instable,0,Colorectal Cancer
1,13.71,90.3,Elderly,indeterminate,1,Melanoma
1,18.25,50.5,Young,indeterminate,1,Gastric Cancer
1,10.08,82.6,Elderly,do not report,1,Lung Adenocarcinoma
1,15.91,32.0,Young,stable,1,Colorectal Cancer
1,20.23,89.6,Young,instable,0,Gastric Cancer
1,8.57,38.9,Young,instable,0,Melanoma
1,15.74,1.1,Middle-Aged,instable,1,Lung Adenocarcinoma
1,16.04,90.5,Middle-Aged,indeterminate,0,Gastric Cancer
1,18.13,9.1,Elderly,indeterminate,1,Lung Adenocarcinoma
1,10.05,31.9,Young,indeterminate,1,Lung Adenocarcinoma
1,9.72,95.0,Young,do not report,1,Lung Adenocarcinoma
1,17.09,95.1,Middle-Aged,stable,0,Colorectal Cancer
1,16.19,57.3,Young,indeterminate,1,Colorectal Cancer
1,16.0,63.2,Middle-Aged,stable,1,Melanoma
1,16.39,44.8,Young,do not report,1,Melanoma
1,12.28,29.3,Elderly,instable,0,Gastric Cancer
1,15.93,32.9,Young,indeterminate,0,Melanoma
1,16.17,67.3,Young,stable,1,Lung Adenocarcinoma
1,12.14,75.2,Senior,stable,0,Lung Adenocarcinoma
1,22.46,79.2,Middle-Aged,indeterminate,0,Colorectal Cancer
1,16.9,79.0,Young,instable,0,Lung Adenocarcinoma
1,10.23,9.1,Young,instable,0,Gastric Cancer
1,17.63,49.4,Senior,instable,0,Lung Adenocarcinoma
1,11.1,5.8,Senior,do not report,0,Lung Adenocarcinoma
1,18.15,55.0,Middle-Aged,stable,0,Gastric Cancer
1,19.63,44.2,Senior,stable,0,Melanoma
1,11.72,88.8,Elderly,stable,0,Melanoma
1,18.85,35.1,Senior,do not report,0,Gastric Cancer
1,16.65,11.7,Elderly,stable,1,Colorectal Cancer
1,18.29,14.3,Middle-Aged,do not report,1,Lung Adenocarcinoma
1,22.59,76.2,Middle-Aged,instable,0,Gastric Cancer
1,14.02,61.8,Middle-Aged,indeterminate,1,Lung Adenocarcinoma
1,11.99,10.1,Middle-Aged,stable,1,Colorectal Cancer
1,11.44,8.4,Middle-Aged,stable,0,Lung Adenocarcinoma
1,11.74,70.1,Elderly,instable,0,Gastric Cancer
1,14.69,7.3,Elderly,indeterminate,0,Lung Adenocarcinoma
1,16.36,82.2,Middle-Aged,do not report,1,Melanoma
1,16.11,70.6,Senior,indeterminate,1,Colorectal Cancer
1,18.31,8.1,Young,instable,0,Colorectal Cancer
1,15.05,8.5,Middle-Aged,instable,0,Colorectal Cancer
1,20.81,98.7,Senior,indeterminate,0,Gastric Cancer
1,13.94,37.4,Young,do not report,1,Colorectal Cancer
1,25.88,37.1,Middle-Aged,do not report,1,Melanoma
1,17.5,81.3,Middle-Aged,stable,1,Gastric Cancer
1,11.57,94.7,Elderly,do not report,1,Melanoma
1,10.72,98.6,Young,indeterminate,0,Lung Adenocarcinoma
1,16.93,75.3,Young,instable,0,Lung Adenocarcinoma
1,14.11,37.6,Senior,stable,0,Lung Adenocarcinoma
1,17.86,8.4,Elderly,stable,0,Lung Adenocarcinoma
1,16.89,77.7,Elderly,instable,1,Melanoma
1,14.71,55.8,Elderly,do not report,1,Gastric Cancer
1,11.61,42.4,Elderly,instable,0,Gastric Cancer
1,8.94,90.6,Young,do not report,0,Colorectal Cancer
1,13.21,11.1,Young,instable,1,Melanoma
1,18.43,49.3,Middle-Aged,indeterminate,0,Lung Adenocarcinoma
1,15.86,1.1,Middle-Aged,do not report,1,Melanoma
1,10.02,46.9,Elderly,indeterminate,0,Colorectal Cancer
1,15.69,5.6,Elderly,stable,0,Colorectal Cancer
1,16.54,11.9,Elderly,instable,0,Melanoma
1,11.46,11.8,Middle-Aged,stable,0,Melanoma
1,15.61,64.9,Senior,stable,0,Melanoma
1,15.23,74.6,Senior,stable,0,Gastric Cancer
1,10.43,58.3,Middle-Aged,stable,0,Lung Adenocarcinoma
0,9.98,8.7,Senior,indeterminate,1,Lung Adenocarcinoma
0,0.0,40.8,Young,instable,1,Colorectal Cancer
0,3.63,37.3,Elderly,instable,0,Gastric Cancer
0,3.51,26.0,Young,stable,0,Melanoma
0,0.0,72.3,Elderly,instable,0,Melanoma
0,1.89,49.6,Senior,stable,1,Melanoma
0,0.56,8.1,Elderly,stable,0,Lung Adenocarcinoma
0,12.01,22.0,Senior,indeterminate,1,Colorectal Cancer
0,8.74,68.3,Middle-Aged,indeterminate,1,Gastric Cancer
0,10.09,7.6,Middle-Aged,do not report,1,Gastric Cancer
0,7.89,85.1,Middle-Aged,indeterminate,1,Lung Adenocarcinoma
0,0.48,49.5,Elderly,indeterminate,1,Gastric Cancer
0,2.9,48.1,Middle-Aged,instable,1,Gastric Cancer
0,6.96,59.2,Young,indeterminate,1,Gastric Cancer
0,0.11,82.5,Senior,do not report,0,Gastric Cancer
0,7.85,34.8,Senior,instable,0,Colorectal Cancer
0,4.04,67.8,Young,do not report,1,Gastric Cancer
0,3.5,56.6,Elderly,indeterminate,1,Melanoma
0,7.84,26.7,Elderly,do not report,0,Lung Adenocarcinoma
0,6.78,87.9,Senior,instable,1,Colorectal Cancer
0,3.56,79.7,Middle-Aged,stable,0,Gastric Cancer
0,9.64,65.8,Elderly,do not report,0,Colorectal Cancer
0,0.68,85.1,Elderly,do not report,0,Gastric Cancer
0,7.46,86.7,Young,instable,1,Melanoma
0,7.37,70.8,Young,instable,1,Lung Adenocarcinoma
0,3.76,83.7,Middle-Aged,do not report,0,Gastric Cancer
0,6.3,69.7,Elderly,indeterminate,0,Gastric Cancer
0,-0.0,68.0,Elderly,do not report,0,Gastric Cancer
0,8.7,61.9,Young,instable,0,Gastric Cancer
0,4.26,75.3,Elderly,stable,0,Lung Adenocarcinoma
0,2.91,15.9,Senior,stable,1,Lung Adenocarcinoma
0,9.2,88.1,Young,indeterminate,0,Melanoma
0,2.18,87.2,Middle-Aged,do not report,1,Lung Adenocarcinoma
0,0.0,2.9,Young,stable,0,Gastric Cancer
0,0.0,82.6,Elderly,do not report,1,Melanoma
0,7.42,12.9,Middle-Aged,instable,1,Melanoma
0,0.0,33.5,Young,stable,1,Melanoma
0,12.02,74.4,Senior,indeterminate,1,Gastric Cancer
0,0.0,16.1,Senior,instable,1,Colorectal Cancer
0,11.79,81.8,Young,indeterminate,1,Gastric Cancer
0,5.84,83.2,Senior,instable,0,Lung Adenocarcinoma
0,4.61,50.7,Senior,stable,1,Lung Adenocarcinoma
0,2.82,0.6,Senior,indeterminate,0,Gastric Cancer
0,6.6,28.7,Middle-Aged,indeterminate,1,Gastric Cancer
0,4.85,61.7,Senior,instable,1,Melanoma
0,9.41,98.1,Senior,indeterminate,0,Gastric Cancer
0,5.46,63.2,Senior,instable,1,Melanoma
0,5.6,26.0,Middle-Aged,instable,0,Lung Adenocarcinoma
0,3.55,63.4,Young,instable,0,Melanoma
0,4.77,54.0,Elderly,instable,0,Gastric Cancer
0,6.23,78.0,Senior,stable,0,Lung Adenocarcinoma
0,0.0,10.7,Young,instable,1,Colorectal Cancer
0,0.0,76.1,Senior,do not report,1,Melanoma
0,7.97,54.1,Middle-Aged,indeterminate,0,Lung Adenocarcinoma
0,5.68,96.3,Young,do not report,1,Melanoma
0,4.26,34.2,Middle-Aged,stable,1,Lung Adenocarcinoma
0,5.07,63.3,Senior,do not report,0,Lung Adenocarcinoma
0,6.39,93.2,Senior,indeterminate,1,Melanoma
0,2.84,10.3,Middle-Aged,do not report,0,Colorectal Cancer
0,1.89,93.7,Elderly,stable,0,Lung Adenocarcinoma
0,5.78,68.8,Middle-Aged,instable,1,Lung Adenocarcinoma
0,1.09,6.8,Senior,do not report,1,Lung Adenocarcinoma
0,6.63,30.1,Middle-Aged,stable,1,Colorectal Cancer
0,0.0,70.8,Elderly,stable,0,Colorectal Cancer
0,9.12,6.7,Middle-Aged,indeterminate,0,Gastric Cancer
0,6.89,58.2,Elderly,indeterminate,1,Melanoma
0,6.02,34.6,Elderly,do not report,1,Colorectal Cancer
0,8.93,62.1,Middle-Aged,instable,1,Melanoma
0,11.66,4.6,Middle-Aged,stable,1,Gastric Cancer
0,9.06,87.2,Young,do not report,0,Melanoma
0,0.0,97.3,Senior,stable,1,Colorectal Cancer
0,0.0,96.9,Elderly,stable,0,Melanoma
0,2.5,75.0,Young,instable,0,Colorectal Cancer
0,5.1,13.0,Middle-Aged,instable,1,Melanoma
0,7.07,75.8,Senior,do not report,1,Colorectal Cancer
0,2.1,2.5,Young,instable,1,Colorectal Cancer
0,5.75,2.2,Elderly,instable,0,Melanoma
0,1.98,32.4,Young,do not report,1,Gastric Cancer
0,2.55,48.9,Elderly,instable,1,Lung Adenocarcinoma
0,0.0,77.0,Middle-Aged,indeterminate,0,Gastric Cancer
0,1.31,68.3,Senior,stable,1,Melanoma
0,0.0,44.6,Senior,stable,0,Gastric Cancer
0,1.1,27.4,Senior,stable,1,Colorectal Cancer
0,9.21,99.7,Middle-Aged,stable,0,Lung Adenocarcinoma
0,1.2,42.6,Elderly,do not report,1,Melanoma
0,15.53,45.1,Middle-Aged,stable,1,Melanoma
0,6.97,16.4,Senior,stable,0,Melanoma
0,5.74,79.5,Middle-Aged,stable,0,Lung Adenocarcinoma
0,1.57,69.4,Middle-Aged,stable,1,Colorectal Cancer
0,7.8,22.1,Middle-Aged,indeterminate,0,Melanoma
0,2.7,8.2,Elderly,stable,0,Gastric Cancer
0,5.49,68.0,Young,indeterminate,0,Melanoma
0,15.24,65.5,Young,do not report,0,Melanoma
0,4.62,27.3,Middle-Aged,instable,1,Melanoma
0,9.6,95.1,Young,stable,1,Melanoma
0,2.19,15.1,Young,instable,0,Colorectal Cancer
0,4.86,43.2,Middle-Aged,instable,0,Gastric Cancer
0,12.08,94.4,Middle-Aged,do not report,0,Colorectal Cancer
0,2.49,42.0,Senior,instable,0,Gastric Cancer
0,12.25,63.9,Young,indeterminate,1,Melanoma
0,7.83,39.8,Elderly,instable,1,Lung Adenocarcinoma
0,2.75,27.4,Middle-Aged,instable,0,Colorectal Cancer
0,7.53,98.4,Senior,instable,0,Lung Adenocarcinoma
0,8.89,40.9,Elderly,stable,0,Colorectal Cancer
0,7.49,89.4,Young,stable,1,Melanoma
0,0.0,23.0,Senior,indeterminate,0,Colorectal Cancer
0,2.09,21.3,Middle-Aged,indeterminate,1,Melanoma
0,4.01,3.1,Elderly,stable,0,Colorectal Cancer
0,4.7,65.2,Middle-Aged,indeterminate,1,Melanoma
0,7.48,36.9,Young,stable,0,Melanoma
0,5.71,86.4,Elderly,do not report,1,Gastric Cancer
0,0.0,47.3,Young,instable,0,Melanoma
0,6.52,96.8,Young,instable,0,Gastric Cancer
0,7.44,18.6,Senior,indeterminate,0,Melanoma
0,7.24,86.9,Middle-Aged,stable,1,Lung Adenocarcinoma
0,9.32,77.7,Elderly,stable,0,Melanoma
0,8.34,77.1,Young,indeterminate,1,Lung Adenocarcinoma
0,6.84,84.5,Young,stable,1,Lung Adenocarcinoma
0,4.72,76.1,Elderly,do not report,0,Melanoma
0,0.0,62.6,Young,instable,0,Lung Adenocarcinoma
0,6.72,13.1,Senior,indeterminate,0,Gastric Cancer
0,5.83,3.3,Senior,indeterminate,1,Colorectal Cancer
0,6.09,92.1,Senior,stable,0,Melanoma
0,0.0,61.7,Senior,indeterminate,1,Lung Adenocarcinoma
0,0.68,79.7,Young,do not report,1,Melanoma
0,9.21,48.2,Elderly,stable,0,Gastric Cancer
0,4.84,11.7,Elderly,stable,0,Melanoma
0,7.73,12.5,Elderly,stable,0,Melanoma
0,5.11,68.6,Elderly,stable,0,Lung Adenocarcinoma
0,5.12,43.0,Middle-Aged,do not report,0,Gastric Cancer
0,8.75,20.1,Elderly,stable,0,Colorectal Cancer
0,2.94,49.2,Middle-Aged,indeterminate,1,Colorectal Cancer
0,5.38,6.4,Middle-Aged,do not report,1,Lung Adenocarcinoma
0,3.15,58.2,Senior,instable,1,Melanoma
0,3.26,26.9,Middle-Aged,instable,0,Lung Adenocarcinoma
0,3.76,79.8,Young,indeterminate,1,Lung Adenocarcinoma
0,5.89,31.0,Middle-Aged,indeterminate,1,Lung Adenocarcinoma
0,3.09,45.5,Senior,do not report,1,Melanoma
0,10.02,1.2,Middle-Aged,instable,1,Gastric Cancer
0,1.42,7.2,Young,instable,1,Lung Adenocarcinoma
0,4.25,39.2,Young,instable,0,Melanoma
0,3.24,48.0,Young,instable,0,Gastric Cancer
0,10.79,60.0,Senior,instable,1,Lung Adenocarcinoma
0,5.79,29.2,Senior,stable,1,Colorectal Cancer
0,9.13,69.5,Elderly,indeterminate,1,Gastric Cancer
0,0.0,86.0,Senior,stable,0,Lung Adenocarcinoma
0,6.07,78.0,Young,instable,0,Gastric Cancer
0,8.56,4.0,Young,do not report,1,Gastric Cancer
0,5.33,48.1,Senior,do not report,0,Gastric Cancer
0,9.26,10.5,Middle-Aged,instable,0,Gastric Cancer
0,2.93,24.2,Senior,instable,1,Gastric Cancer
0,10.64,98.7,Senior,do not report,0,Gastric Cancer
0,14.2,14.2,Young,stable,0,Lung Adenocarcinoma
0,3.55,49.9,Elderly,stable,1,Colorectal Cancer
0,3.22,61.8,Young,instable,0,Melanoma
0,10.81,70.2,Elderly,stable,0,Gastric Cancer
0,11.32,56.0,Young,do not report,1,Melanoma
0,2.91,1.0,Senior,stable,0,Lung Adenocarcinoma
0,3.32,32.6,Young,instable,0,Gastric Cancer
0,3.87,51.8,Young,do not report,1,Colorectal Cancer
0,0.0,8.8,Young,stable,1,Melanoma
0,1.33,35.1,Senior,indeterminate,1,Gastric Cancer
0,0.98,3.3,Senior,do not report,0,Lung Adenocarcinoma
0,1.93,7.9,Senior,do not report,1,Colorectal Cancer
0,4.86,39.7,Senior,indeterminate,0,Melanoma
0,5.94,13.3,Elderly,indeterminate,1,Melanoma
0,11.2,56.8,Elderly,do not report,0,Gastric Cancer
0,1.01,68.9,Middle-Aged,indeterminate,1,Colorectal Cancer
0,8.94,80.1,Senior,instable,1,Colorectal Cancer
0,4.14,20.0,Elderly,instable,1,Colorectal Cancer
0,4.8,16.7,Young,instable,1,Colorectal Cancer
0,7.7,10.5,Senior,do not report,0,Lung Adenocarcinoma
0,0.51,63.6,Middle-Aged,indeterminate,1,Colorectal Cancer
0,6.53,70.6,Middle-Aged,indeterminate,1,Melanoma
0,5.67,3.2,Middle-Aged,stable,0,Melanoma
0,6.97,93.6,Young,stable,1,Lung Adenocarcinoma
0,6.16,5.2,Elderly,indeterminate,0,Melanoma
0,14.82,54.1,Young,indeterminate,1,Melanoma
0,2.45,70.9,Senior,indeterminate,1,Colorectal Cancer
0,2.88,87.1,Middle-Aged,do not report,1,Melanoma
0,2.51,71.4,Young,indeterminate,0,Lung Adenocarcinoma
0,2.78,80.2,Young,stable,1,Colorectal Cancer
0,2.45,33.9,Elderly,do not report,1,Gastric Cancer
0,9.76,81.5,Elderly,indeterminate,1,Colorectal Cancer
0,10.68,8.0,Middle-Aged,stable,0,Lung Adenocarcinoma
0,2.72,89.5,Young,do not report,0,Colorectal Cancer
0,1.67,54.8,Young,indeterminate,1,Colorectal Cancer
0,6.89,81.7,Elderly,indeterminate,0,Lung Adenocarcinoma
0,2.79,45.2,Young,indeterminate,1,Colorectal Cancer
0,7.53,64.4,Young,do not report,1,Lung Adenocarcinoma
0,5.81,52.6,Young,stable,1,Lung Adenocarcinoma
0,0.0,73.2,Elderly,stable,1,Gastric Cancer
0,11.19,8.2,Middle-Aged,instable,1,Melanoma
0,12.18,6.0,Senior,indeterminate,1,Melanoma
0,2.55,24.7,Middle-Aged,instable,1,Colorectal Cancer
0,3.45,16.0,Senior,instable,0,Colorectal Cancer
0,6.14,87.2,Young,stable,0,Gastric Cancer
0,6.34,21.9,Middle-Aged,do not report,0,Gastric Cancer
0,7.63,97.6,Senior,do not report,0,Gastric Cancer
0,13.04,33.7,Elderly,stable,0,Lung Adenocarcinoma
